date,temperature,humidity,wind_speed,solar_radiation,demand_mwh,cci,day_of_week,month,is_weekend,is_holiday,season,demand_lag_1,demand_lag_7,demand_rolling_mean_3,demand_rolling_std_3,demand_rolling_mean_7,demand_rolling_std_7,demand_rolling_mean_30,demand_rolling_std_30
2023-02-01,25.1,89,15.7,17.51,151421,25.741300000000003,2,2,0,0,1,150147.0,143281.0,145463.33333333334,7511.76120049975,145251.57142857142,4998.180064021257,150377.73333333334,8201.398000817664
2023-02-02,25.5,88,16.9,20.06,153712,26.226,3,2,0,0,1,151421.0,145489.0,150337.33333333334,1002.1488578716085,146414.42857142858,5394.5012700322595,150653.93333333332,8087.8102655758385
2023-02-03,25.7,88,11.5,18.6,153444,26.4392,4,2,0,0,1,153712.0,149823.0,151760.0,1806.5151535484083,147589.14285714287,6018.6144426705605,150607.26666666666,8065.207635411424
2023-02-04,24.9,91,12.0,10.75,143643,25.4148,5,2,1,0,1,153444.0,141778.0,152859.0,1252.533033496534,148106.42857142858,6386.945823504366,150562.6,8044.963627358245
2023-02-05,25.4,89,14.1,19.29,139736,26.05945,6,2,1,0,1,143643.0,136799.0,150266.33333333334,5737.539919977326,148372.85714285713,6111.9385748595405,150130.33333333334,8057.153259289416
2023-02-06,25.9,85,16.8,19.34,150601,26.8405,0,2,0,0,1,139736.0,149444.0,145607.66666666666,7062.028910542167,148792.42857142858,5220.849383549889,149516.86666666667,8126.608075279336
2023-02-07,26.1,83,16.7,21.37,153830,27.184600000000003,1,2,0,0,1,150601.0,150147.0,144660.0,5503.4328377840675,148957.7142857143,5263.059304063962,149514.56666666668,8126.280218221458
2023-02-08,25.9,89,17.0,19.13,155885,26.589699999999997,2,2,0,0,1,153830.0,151421.0,148055.66666666666,7383.715212095695,149483.85714285713,5576.524348509818,149705.76666666666,8159.1174036011425
2023-02-09,26.1,88,12.2,16.99,156193,26.8656,3,2,0,0,1,155885.0,153712.0,153438.66666666666,2663.6479371969285,150121.57142857142,6068.512911115874,149552.96666666667,7991.806159342559
2023-02-10,25.9,89,13.6,20.01,156738,26.589699999999997,4,2,0,0,1,156193.0,153444.0,155302.66666666666,1284.6308159675598,150476.0,6377.732407891209,149384.63333333333,7787.662844850012
2023-02-11,25.6,89,18.8,17.51,148334,26.27155,5,2,1,0,1,156738.0,143643.0,156272.0,431.9525436898777,150946.57142857142,6744.212107606053,149340.93333333332,7740.90466482342
2023-02-12,25.4,90,10.8,18.37,141473,25.999499999999998,6,2,1,0,1,148334.0,139736.0,153755.0,4702.625543247108,151616.7142857143,6099.8103171132325,148978.66666666666,7514.49796580988
2023-02-13,25.1,90,10.5,13.63,152525,25.683,0,2,0,0,1,141473.0,150601.0,148848.33333333334,7645.486271868752,151864.85714285713,5546.149698321318,148376.93333333332,7362.088594832367
2023-02-14,25.6,90,13.3,15.56,154631,26.210500000000003,1,2,0,0,1,152525.0,153830.0,147444.0,5579.493794243369,152139.7142857143,5520.692701533122,148427.86666666667,7386.08661131759
2023-02-15,25.5,86,18.5,17.76,152251,26.347,2,2,0,0,1,154631.0,155885.0,149543.0,7067.707124662161,152254.14285714287,5569.650929473915,148660.53333333333,7470.2289940127275
2023-02-16,25.5,81,19.5,21.71,151542,26.6495,3,2,0,0,1,152251.0,156193.0,153135.66666666666,1302.2232271517796,151735.0,5339.4192880249175,148420.56666666668,7223.2303771656825
2023-02-17,25.3,85,16.8,21.48,152577,26.191000000000003,4,2,0,0,1,151542.0,156738.0,152808.0,1618.075090964652,151070.57142857142,4968.729175457926,148197.4,7009.755608903326
2023-02-18,26.2,84,18.9,23.36,146076,27.229599999999998,5,2,1,0,1,152577.0,148334.0,152123.33333333334,529.1789237428078,150476.14285714287,4393.28618191322,148011.9,6808.253248814993
2023-02-19,26.2,85,18.5,21.93,142760,27.16525,6,2,1,0,1,146076.0,141473.0,150065.0,3493.121383519368,150153.57142857142,4652.058607295642,147695.3,6663.778420530723
2023-02-20,25.9,84,18.7,20.66,153228,26.9032,0,2,0,0,1,142760.0,152525.0,147137.66666666666,4993.868674017526,150337.42857142858,4260.787284729606,147414.96666666667,6689.411048161434
2023-02-21,25.8,84,20.1,20.03,154525,26.7944,1,2,0,0,1,153228.0,154631.0,147354.66666666666,5349.859562019696,150437.85714285713,4328.686922865832,147794.16666666666,6685.623701765536
2023-02-22,26.1,81,19.7,22.16,155322,27.3122,2,2,0,0,1,154525.0,152251.0,150171.0,6450.793982138962,150422.7142857143,4311.725629578148,148416.1,6399.547787633655
2023-02-23,26.3,80,20.3,22.95,155309,27.598,3,2,0,0,1,155322.0,151542.0,154358.33333333334,1056.902234520096,150861.42857142858,4670.098994566042,149082.86666666667,6018.626941211028
2023-02-24,26.5,77,22.7,23.23,155318,28.018,4,2,0,0,1,155309.0,152577.0,155052.0,456.4416720679988,151399.57142857142,4969.062247451393,149750.56666666668,5525.202231801008
2023-02-25,25.9,81,20.9,21.07,147116,27.091299999999997,5,2,1,0,1,155318.0,146076.0,155316.33333333334,6.658328135794364,151791.14285714287,5180.796670672972,150151.8,5476.027086152501
2023-02-26,26.0,79,27.7,20.5,142803,27.32825,6,2,1,0,1,147116.0,142760.0,152581.0,4732.830970994023,151939.7142857143,5001.391696794091,150206.03333333333,5436.16702874073
2023-02-27,25.6,83,24.2,18.93,154986,26.63785,0,2,0,0,1,142803.0,153228.0,148412.33333333334,6357.410348037446,151945.85714285713,4988.246900751419,149972.03333333333,5601.788368894799
2023-02-28,24.2,92,14.4,8.59,152742,24.6268,1,2,0,0,1,154986.0,154525.0,148301.66666666666,6177.436874087319,152197.0,5106.412830941009,150412.3,5452.628573007005
2023-03-01,23.4,94,18.0,5.05,147921,23.6937,2,3,0,0,2,152742.0,155322.0,150177.0,6483.887028627224,151942.2857142857,5014.578703283813,150943.73333333334,4820.3466604007635
2023-03-02,24.1,92,17.1,16.48,149573,24.5224,3,3,0,0,2,147921.0,155309.0,151883.0,3609.9815789004206,150885.0,4963.186073481342,150892.96666666667,4844.644803771754
2023-03-03,24.1,93,17.4,10.14,149183,24.4696,4,3,0,0,2,149573.0,155318.0,150078.66666666666,2449.9559859992796,150065.57142857142,4568.891581742068,150873.83333333334,4848.824166625408
2023-03-04,23.6,92,25.8,6.8,140165,24.000400000000003,5,3,1,0,2,149183.0,147116.0,148892.33333333334,863.5052595865762,149189.14285714287,3938.3299941544446,150799.23333333334,4857.324186630226
2023-03-05,23.9,92,18.0,12.95,136493,24.313599999999997,6,3,1,0,2,140165.0,142803.0,146307.0,5322.701193942821,148196.14285714287,5216.920369610476,150347.66666666666,5195.155849332194
2023-03-06,24.8,86,19.4,18.58,148565,25.5931,0,3,0,0,2,136493.0,154986.0,141947.0,6529.982235810473,147294.7142857143,6651.905709751775,149782.63333333333,5740.017760896053
2023-03-07,24.9,87,18.4,19.49,150236,25.6436,1,3,0,0,2,148565.0,152742.0,141741.0,6188.386542548901,146377.42857142858,5803.087622324927,149946.7,5627.72174856844
2023-03-08,25.3,88,15.2,18.5,151740,26.012800000000002,2,3,0,0,2,150236.0,147921.0,145098.0,7498.838510062765,146019.42857142858,5408.921822851035,150296.7,5286.993182036125
2023-03-09,25.9,85,18.5,21.63,153641,26.8405,3,3,0,0,2,151740.0,149573.0,150180.33333333334,1588.2318260674872,146565.0,5810.393532283314,150334.66666666666,5293.339610291879
2023-03-10,25.7,87,16.4,20.19,155188,26.500799999999998,4,3,0,0,2,153641.0,149183.0,151872.33333333334,1706.3529334031807,147146.14285714287,6340.631683267588,150328.36666666667,5289.146913049024
2023-03-11,25.8,87,16.5,20.28,146805,26.607950000000002,5,3,1,0,2,155188.0,140165.0,153523.0,1727.02605654932,148004.0,7030.800191538143,150305.13333333333,5265.374353743273
2023-03-12,26.1,85,14.1,21.77,143063,27.057000000000002,6,3,1,0,2,146805.0,136493.0,151878.0,4460.919075706293,148952.57142857142,6195.18729491263,149992.2,5181.688537200165
2023-03-13,26.0,81,23.4,24.34,153753,27.20175,0,3,0,0,2,143063.0,148565.0,148352.0,6208.769040639239,149891.14285714287,4154.551537312965,149536.36666666667,5169.277482250833
2023-03-14,25.7,81,20.2,21.95,154083,26.8704,1,3,0,0,2,153753.0,150236.0,147873.66666666666,5424.533282535344,150632.2857142857,4337.280780791971,149717.0,5220.242166400125
2023-03-15,25.6,81,17.4,21.59,154110,26.75995,2,3,0,0,2,154083.0,151740.0,150299.66666666666,6269.308840162024,151181.85714285713,4518.632035936228,150137.33333333334,5038.044696885489
2023-03-16,26.3,81,18.7,25.02,155728,27.5331,3,3,0,0,2,154110.0,153641.0,153982.0,198.7787715034673,151520.42857142858,4654.179048881364,150190.16666666666,5072.142729440489
2023-03-17,26.5,82,17.1,22.54,156733,27.688,4,3,0,0,2,155728.0,155188.0,154640.33333333334,942.0437003312283,151818.57142857142,4874.30175707723,150226.73333333334,5109.081865917164
2023-03-18,26.6,83,18.2,23.32,149750,27.731350000000003,5,3,1,0,2,156733.0,146805.0,155523.66666666666,1323.3844238669872,152039.2857142857,5082.821746309858,150376.13333333333,5234.313337921241
2023-03-19,26.5,84,15.8,17.7,146591,27.556,6,3,1,0,2,149750.0,143063.0,154070.33333333334,3775.111433233965,152460.0,4683.562390602377,150316.4,5230.7736725835375
2023-03-20,26.1,88,13.2,16.79,159026,26.8656,0,3,0,0,2,146591.0,153753.0,151024.66666666666,5189.761298300123,152964.0,3558.5104561691132,150116.86666666667,5255.678995690949
2023-03-21,26.0,86,8.4,22.84,157873,26.8855,1,3,0,0,2,159026.0,154083.0,151789.0,6463.392839677967,153717.2857142857,4245.217454747551,150548.53333333333,5440.894511480396
2023-03-22,26.2,87,9.2,21.23,160350,27.03655,2,3,0,0,2,157873.0,154110.0,154496.66666666666,6870.736957076276,154258.7142857143,4531.655831087182,151052.3,5394.345041257383
2023-03-23,26.8,88,9.7,21.68,161922,27.611800000000002,3,3,0,0,2,160350.0,155728.0,159083.0,1239.4833601144005,155150.14285714287,5078.296283484725,151289.7,5644.32148666497
2023-03-24,26.6,88,10.2,20.35,160865,27.398600000000002,4,3,0,0,2,161922.0,156733.0,160048.33333333334,2041.2869306723649,156035.0,5697.629390076543,151536.26666666666,5944.12886186337
2023-03-25,26.0,89,11.3,16.77,149582,26.69575,5,3,1,0,2,160865.0,149750.0,161045.66666666666,801.4214455165192,156625.2857142857,5988.607509660243,151721.03333333333,6148.497705402006
2023-03-26,26.8,86,9.8,22.16,146060,27.7471,6,3,1,0,2,149582.0,146591.0,157456.33333333334,6839.821367063167,156601.2857142857,6021.002234242988,151530.13333333333,6122.106273415126
2023-03-27,25.8,89,14.6,12.54,154802,26.48365,0,3,0,0,2,146060.0,159026.0,152169.0,7734.108416617946,156525.42857142858,6169.648986696474,151221.53333333333,6157.817508205976
2023-03-28,27.2,84,11.4,23.64,160092,28.3176,1,3,0,0,2,154802.0,157873.0,150148.0,4398.398344852425,155922.0,6090.37325074012,151477.73333333334,6140.981506035625
2023-03-29,26.7,86,12.1,22.02,160673,27.6394,2,3,0,0,2,160092.0,160350.0,153651.33333333334,7086.415266785728,156239.0,6264.116777327615,152054.03333333333,6109.994364709521
2023-03-30,26.4,87,14.0,19.4,160142,27.25085,3,3,0,0,2,160673.0,161922.0,158522.33333333334,3234.97300349381,156285.14285714287,6300.530200667328,152243.6,6289.676805467982
2023-03-31,26.2,86,8.7,18.0,158822,27.1009,4,3,0,0,2,160142.0,160865.0,160302.33333333334,321.97877776918517,156030.85714285713,6066.693839551697,152490.26666666666,6452.884898450018
2023-04-01,26.6,84,9.7,21.47,150619,27.664800000000003,5,4,1,0,2,158822.0,149582.0,159879.0,953.1143687933802,155739.0,5840.289975677363,152853.63333333333,6493.507555871607
2023-04-02,26.6,86,8.5,19.69,146965,27.5317,6,4,1,0,2,150619.0,146060.0,156527.66666666666,5159.443413134181,155887.14285714287,5668.716034181631,152888.5,6478.074776532421
2023-04-03,25.2,90,10.2,6.22,155478,25.7885,0,4,0,0,2,146965.0,154802.0,152135.33333333334,6072.195841154476,156016.42857142858,5411.730187199375,152814.56666666668,6534.236808366897
2023-04-04,27.1,85,15.4,22.29,158798,28.1395,1,4,0,0,2,155478.0,160092.0,151020.66666666666,4270.690147193283,156113.0,5392.444220079053,153325.0,6095.383623468033
2023-04-05,26.0,89,14.8,16.33,159019,26.69575,2,4,0,0,2,158798.0,160673.0,153747.0,6103.461558820573,155928.14285714287,5253.701978242378,154068.5,5276.85604379139
2023-04-06,27.0,86,13.5,20.4,158805,27.9625,3,4,0,0,2,159019.0,160142.0,157765.0,1983.6801657526503,155691.85714285713,5037.479840441513,154416.96666666667,5245.974315233849
2023-04-07,26.2,86,11.6,15.99,147500,27.1009,4,4,0,1,2,158805.0,158822.0,158874.0,125.62245022471873,155500.85714285713,4862.950730731437,154702.6,5243.761190280413
2023-04-08,26.4,86,15.3,23.26,148347,27.3163,5,4,1,0,2,147500.0,150619.0,155108.0,6589.590047946872,153883.42857142858,5424.649569546354,154561.26666666666,5381.690241687327
2023-04-09,27.1,84,12.5,22.01,146566,28.208800000000004,6,4,1,0,2,148347.0,146965.0,151550.66666666666,6296.694873767807,153558.85714285713,5712.837281904894,154384.8,5498.435861600935
2023-04-10,26.9,83,8.2,21.99,158423,28.0594,0,4,0,0,2,146566.0,155478.0,147471.0,890.8540845729952,153501.85714285713,5791.0479025408285,154097.4,5677.425506883211
2023-04-11,27.7,80,11.5,24.74,160293,29.151999999999997,1,4,0,0,2,158423.0,158798.0,151112.0,6393.82757039947,153922.57142857142,6059.303008793951,154484.66666666666,5557.827982679815
2023-04-12,27.3,83,10.2,22.9,162986,28.4968,2,4,0,0,2,160293.0,159019.0,155094.0,7444.414886342673,154136.14285714287,6282.040338100525,155059.0,5216.6200181529985
2023-04-13,27.1,85,9.7,20.2,163509,28.1395,3,4,0,0,2,162986.0,158805.0,160567.33333333334,2293.8365969121915,154702.85714285713,6940.385518316344,155366.76666666666,5405.841959261048
2023-04-14,27.0,86,9.9,20.28,164285,27.9625,4,4,0,0,2,163509.0,147500.0,162262.66666666666,1725.7092261831644,155374.85714285713,7600.144679073872,155680.96666666667,5599.128469640781
2023-04-15,27.5,85,14.0,22.2,156872,28.5725,5,4,1,0,2,164285.0,148347.0,163593.33333333334,653.5934006197626,157772.7142857143,7345.093979754448,156020.13333333333,5805.073231492459
2023-04-16,27.2,84,13.5,22.68,150966,28.3176,6,4,1,0,2,156872.0,146566.0,161555.33333333334,4074.402082923792,158990.57142857142,6127.634096373853,156058.26666666666,5806.845222982955
2023-04-17,27.4,85,10.5,21.57,164077,28.46425,0,4,0,0,2,150966.0,158423.0,157374.33333333334,6673.694204361914,159619.14285714287,4700.096716329627,155866.03333333333,5878.750151493079
2023-04-18,27.7,85,10.2,20.74,167315,28.788999999999998,1,4,0,0,2,164077.0,160293.0,157305.0,6566.216338196642,160426.85714285713,4939.979265427342,156343.6,5946.321404723912
2023-04-19,27.6,86,8.7,18.42,166916,28.608700000000002,2,4,0,0,2,167315.0,162986.0,160786.0,8657.104654559775,161430.0,5579.79832371455,157034.4,5977.964366940963
2023-04-20,27.0,87,11.9,13.25,163756,27.89375,3,4,0,0,2,166916.0,163509.0,166102.66666666666,1765.5861160911538,161991.42857142858,5948.018461558578,157297.4,6236.572221650626
2023-04-21,27.3,86,12.1,17.69,162281,28.285600000000002,4,4,0,0,2,163756.0,164285.0,165995.66666666666,1949.8411046374636,162026.7142857143,5959.243735974888,157493.5,6346.812128120492
2023-04-22,28.1,85,8.9,19.59,153332,29.222,5,4,1,1,2,162281.0,156872.0,164317.66666666666,2367.9966920022966,161740.42857142858,5880.28635519069,157557.86666666667,6386.448404472608
2023-04-23,28.1,82,12.1,22.25,153462,29.4464,6,4,1,0,2,153332.0,150966.0,159789.66666666666,5640.9219400142165,161234.7142857143,6489.433095791679,157271.53333333333,6376.594214368261
2023-04-24,28.2,80,12.6,22.39,164912,29.707,0,4,0,0,2,153462.0,164077.0,156358.33333333334,5129.5916341687225,161591.2857142857,5870.193685455034,157024.76666666666,6375.979674195111
2023-04-25,27.4,86,9.4,21.91,164985,28.3933,1,4,0,0,2,164912.0,167315.0,157235.33333333334,6648.50609786392,161710.57142857142,5937.224487842936,157535.76666666666,6373.220999557257
2023-04-26,27.6,85,8.9,21.51,166013,28.680750000000003,2,4,0,0,2,164985.0,166916.0,161119.66666666666,6631.834311360149,161377.7142857143,5627.914258831264,158166.6,6130.139693520149
2023-04-27,27.8,84,11.2,19.91,166943,28.9704,3,4,0,0,2,166013.0,163756.0,165303.33333333334,615.6722612996149,161248.7142857143,5488.431643443902,158540.3,6258.334239925438
2023-04-28,27.0,87,10.8,19.13,163822,27.89375,4,4,0,0,2,166943.0,162281.0,165980.33333333334,979.408665131043,161704.0,5851.277695226988,158768.66666666666,6439.28870206238
2023-04-29,27.1,88,8.0,18.22,153980,27.931600000000003,5,4,1,0,2,163822.0,153332.0,165592.66666666666,1602.3951863799864,161924.14285714287,5905.343044750622,158873.63333333333,6496.810578161274
2023-04-30,27.2,88,12.9,17.12,148595,28.0382,6,4,1,0,2,153980.0,153462.0,161581.66666666666,6765.660524541096,162016.7142857143,5751.27463304926,158668.23333333334,6552.496500720658
2023-05-01,27.9,84,9.2,20.26,150481,29.0792,0,5,0,1,2,148595.0,164912.0,155465.66666666666,7721.449755928844,161321.42857142858,7095.048528307753,158327.33333333334,6805.375924316508
2023-05-02,28.3,82,12.3,21.7,165095,29.6662,1,5,0,0,2,150481.0,164985.0,151018.66666666666,2732.4659802701185,159259.85714285713,7925.806298174721,158322.73333333334,6810.810402604985
2023-05-03,27.9,86,9.6,18.77,165559,28.9318,2,5,0,0,2,165095.0,166013.0,154723.66666666666,9031.205087546932,159275.57142857142,7939.147054462244,158927.06666666668,6568.304084550968
2023-05-04,27.7,85,11.1,19.71,163971,28.788999999999998,3,5,0,0,2,165559.0,166943.0,160378.33333333334,8574.481286546352,159210.7142857143,7876.541345757298,159263.1,6643.209820094173
2023-05-05,28.0,86,14.6,21.27,163763,29.0395,4,5,0,0,2,163971.0,163822.0,164875.0,816.5390376462054,158786.14285714287,7459.330542538854,159435.53333333333,6697.634351966838
2023-05-06,27.8,85,11.5,19.56,155573,28.89725,5,5,1,0,2,163763.0,153980.0,164431.0,982.397068399632,158777.7142857143,7452.72238210694,159593.66666666666,6743.308700473948
2023-05-07,27.5,84,19.4,15.86,150425,28.644000000000002,6,5,1,0,2,155573.0,148595.0,161102.33333333334,4789.672361794026,159005.2857142857,7304.656453575184,159485.93333333332,6782.049649160697
2023-05-08,28.5,78,16.6,20.87,164310,30.194,0,5,0,0,2,150425.0,150481.0,156587.0,6726.5673266533395,159266.7142857143,6891.019221041067,159583.43333333332,6622.954995673399
2023-05-09,28.4,80,10.6,13.91,164787,29.929,1,5,0,0,2,164310.0,165095.0,156769.33333333334,7019.381477974646,161242.2857142857,5857.227066176969,160115.53333333333,6323.550779773219
2023-05-10,28.9,81,11.2,20.85,169410,30.404799999999998,2,5,0,0,2,164787.0,165559.0,159840.66666666666,8157.693689599626,161198.2857142857,5824.527068477128,160722.9,5833.309401691704
2023-05-11,28.6,83,12.0,21.6,171658,29.918350000000004,3,5,0,0,2,169410.0,163971.0,166169.0,2816.903086724903,161748.42857142858,6453.016293618673,161089.13333333333,6025.662989611236
2023-05-12,28.9,80,11.9,22.18,170463,30.483999999999998,4,5,0,0,2,171658.0,163763.0,168618.33333333334,3503.2431165041344,162846.57142857142,7468.454477715406,161467.96666666667,6323.768771991276
2023-05-13,29.2,77,9.3,22.72,161692,31.059549999999998,5,5,1,0,2,170463.0,155573.0,170510.33333333334,1124.7472308628153,163803.7142857143,8014.821264679223,161717.2,6529.6516641529415
2023-05-14,28.9,78,10.0,22.25,157427,30.6424,6,5,1,0,2,161692.0,150425.0,167937.66666666666,5441.807634723366,164677.85714285713,7266.245693353771,161656.63333333333,6520.879496865936
2023-05-15,28.8,80,11.3,20.04,168000,30.373,0,5,0,0,2,157427.0,164310.0,163194.0,6646.527439197115,165678.14285714287,5151.325894969323,161428.03333333333,6545.722375158185
2023-05-16,27.8,86,14.8,18.66,162792,28.8241,1,5,0,0,2,168000.0,164787.0,162373.0,5319.295348070095,166205.2857142857,5176.7267558518615,161798.96666666667,6593.762781564342
2023-05-17,28.0,85,8.7,18.55,164417,29.11375,2,5,0,0,2,162792.0,169410.0,162739.66666666666,5286.694272731636,165920.2857142857,5320.7363122741535,162193.16666666666,6269.314047520649
2023-05-18,27.7,85,12.9,19.89,165054,28.788999999999998,3,5,0,0,2,164417.0,171658.0,165069.66666666666,2664.638124273824,165207.0,5105.254417427014,162204.5,6273.143119955996
2023-05-19,27.3,86,12.9,15.38,165394,28.285600000000002,4,5,0,0,2,165054.0,170463.0,164087.66666666666,1166.4074473928515,164263.57142857142,4253.613007672385,162129.13333333333,6223.009166396947
2023-05-20,27.0,87,13.7,17.32,157442,27.89375,5,5,1,0,2,165394.0,161692.0,164955.0,495.96673275551854,163539.42857142858,3359.9011819358047,162078.4,6188.748119188692
2023-05-21,26.9,87,15.1,16.75,149275,27.7866,6,5,1,0,2,157442.0,157427.0,162630.0,4496.1548016054985,162932.2857142857,4060.355104103793,161867.93333333332,6236.904824390754
2023-05-22,27.6,85,11.9,19.9,164186,28.680750000000003,0,5,0,0,2,149275.0,168000.0,157370.33333333334,8059.738974267937,161767.7142857143,6398.419042082916,161434.4,6645.82649228221
2023-05-23,27.3,85,10.9,19.91,164985,28.356,1,5,0,0,2,164186.0,162792.0,156967.66666666666,7466.80817574241,161222.85714285713,5924.064382627711,161796.2,6482.971654717069
2023-05-24,28.4,81,12.9,21.4,167463,29.852549999999997,2,5,0,0,2,164985.0,164417.0,159482.0,8848.544343562977,161536.14285714287,6076.892117646816,162180.3,6311.244192053348
2023-05-25,27.9,83,13.8,21.73,170178,29.1529,3,5,0,0,2,167463.0,165054.0,165544.66666666666,1708.6843866945426,161971.2857142857,6417.093831173821,162265.33333333334,6366.263746653686
2023-05-26,27.0,88,10.9,13.09,165611,27.825,4,5,0,0,2,170178.0,165394.0,167542.0,2597.401201200997,162703.2857142857,7084.852661706421,162438.43333333332,6511.700099441045
2023-05-27,27.5,86,16.3,19.41,155735,28.501,5,5,1,0,2,165611.0,157442.0,167750.66666666666,2297.0494843023516,162734.2857142857,7099.048708906135,162425.03333333333,6504.500227208095
2023-05-28,26.8,87,14.1,16.52,151601,27.67945,6,5,1,0,2,155735.0,149275.0,163841.33333333334,7382.333799912719,162490.42857142858,7336.488757280811,162051.43333333332,6557.712982768517
2023-05-29,28.4,81,12.8,20.53,165068,29.852549999999997,0,5,0,0,2,151601.0,164186.0,157649.0,7198.442331504815,162822.7142857143,6659.624732026707,161644.06666666668,6818.338886255136
2023-05-30,28.3,85,15.1,18.31,168041,29.4385,1,5,0,0,2,165068.0,164985.0,157468.0,6898.730970258261,162948.7142857143,6697.950400788416,162013.66666666666,6687.842512445049
2023-05-31,28.5,83,13.8,18.99,169199,29.809,2,5,0,0,2,168041.0,167463.0,161570.0,8760.44536539099,163385.2857142857,6947.733316563617,162661.86666666667,6271.866909727636
2023-06-01,26.6,89,11.4,4.07,162815,27.332050000000002,3,6,0,0,3,169199.0,170178.0,167436.0,2130.9174080664125,163633.2857142857,7145.709451931365,163285.8,5940.611070391538
2023-06-02,28.1,84,12.6,19.42,151429,29.2968,4,6,0,1,3,162815.0,165611.0,166685.0,3401.1639184256433,162581.42857142858,6537.819000684225,163209.8,5931.244286506011
2023-06-03,28.1,86,16.2,20.72,155660,29.1472,5,6,1,0,3,151429.0,155735.0,161147.66666666666,9001.567937494765,160555.42857142858,7560.0274659361585,162738.8,6288.531934375332
2023-06-04,26.8,88,15.8,16.51,148740,27.611800000000002,6,6,1,0,3,155660.0,151601.0,156634.66666666666,5755.23503719298,160544.7142857143,7568.046615304598,162461.76666666666,6414.187000292067
2023-06-05,28.0,83,11.9,22.07,159347,29.26225,0,6,0,0,3,148740.0,165068.0,151943.0,3488.5164468582198,160136.0,8183.763396709878,161961.0,6878.709547181486
2023-06-06,27.5,86,11.7,16.55,161423,28.501,1,6,0,0,3,159347.0,168041.0,154582.33333333334,5384.991767248452,159318.7142857143,7889.5089140425935,162086.8,6791.816548434536
2023-06-07,27.3,86,15.2,19.51,162941,28.285600000000002,2,6,0,0,3,161423.0,169199.0,156503.33333333334,6802.900288357428,158373.2857142857,7018.53509678182,162453.4,6427.702901745426
2023-06-08,27.9,84,16.0,21.11,165035,29.0792,3,6,0,0,3,162941.0,162815.0,161237.0,1804.2050881205785,157479.2857142857,5680.849135891465,162407.76666666666,6418.921091442395
2023-06-09,27.4,87,13.5,17.57,165422,28.32235,4,6,0,0,3,165035.0,151429.0,163133.0,1813.6383321931041,157796.42857142858,6076.555983371197,162416.03333333333,6422.2496997353055
2023-06-10,27.8,83,16.4,19.88,158521,29.04355,5,6,1,0,3,165422.0,155660.0,164466.0,1334.788747330522,159795.42857142858,5932.68322816157,162283.1,6312.831958359562
2023-06-11,28.3,80,15.3,20.7,154558,29.818,6,6,1,0,3,158521.0,148740.0,162992.66666666666,3877.408197924676,160204.14285714287,5694.053167664093,161845.2,6091.870011292566
2023-06-12,27.8,83,21.1,20.18,163377,29.04355,0,6,0,0,3,154558.0,159347.0,159500.33333333334,5497.812686272015,161035.2857142857,3876.2141630835727,161315.03333333333,6007.524112674922
2023-06-13,27.3,86,14.5,19.49,164538,28.285600000000002,1,6,0,0,3,163377.0,161423.0,158818.66666666666,4417.028903384444,161611.0,3882.941453759939,161371.2,6019.035879951269
2023-06-14,26.8,87,9.3,18.6,164060,27.67945,2,6,0,0,3,164538.0,162941.0,160824.33333333334,5457.763308658003,162056.0,4033.386005164934,161608.23333333334,5998.337009098064
2023-06-15,27.1,88,9.0,18.6,163932,27.931600000000003,3,6,0,0,3,164060.0,165035.0,163991.66666666666,583.5086403246372,162215.85714285713,4095.9965587775296,161476.9,5895.820801270379
2023-06-16,28.0,83,14.9,20.73,165730,29.26225,4,6,0,0,3,163932.0,165422.0,164176.66666666666,319.40152368689394,162058.2857142857,3989.2962083666985,161514.9,5908.2499092081425
2023-06-17,28.5,80,13.6,21.57,158975,30.04,5,6,1,0,3,165730.0,158521.0,164574.0,1003.1689787868111,162102.2857142857,4034.02746289886,161558.66666666666,5935.290454696556
2023-06-18,26.8,87,17.1,15.0,151407,27.67945,6,6,1,0,3,158975.0,154558.0,162879.0,3498.4443685730052,162167.14285714287,3969.99430849937,161356.03333333333,5915.580482685468
2023-06-19,28.0,81,10.8,21.29,164066,29.41075,0,6,0,0,3,151407.0,163377.0,158704.0,7165.344583479581,161717.0,5017.10985860657,160889.8,6133.530132774917
2023-06-20,28.0,84,10.1,20.38,167604,29.188,1,6,0,0,3,164066.0,164538.0,158149.33333333334,6369.761717155004,161815.42857142858,5061.665268042536,161110.6,6124.354736454591
2023-06-21,28.4,81,17.7,19.24,169336,29.852549999999997,2,6,0,0,3,167604.0,164060.0,161025.66666666666,8515.774910912894,162253.42857142858,5453.973898517281,161721.56666666668,5809.054511965898
2023-06-22,28.8,77,12.5,21.44,169431,30.60895,3,6,0,0,3,169336.0,163932.0,167002.0,2686.0804157731873,163007.14285714287,6074.502844638129,161893.23333333334,5958.564960790216
2023-06-23,27.6,84,11.2,19.77,168288,28.7528,4,6,0,0,3,169431.0,165730.0,168790.33333333334,1028.49226216515,163792.7142857143,6550.93163130921,162041.43333333332,6091.912115218271
2023-06-24,26.8,87,11.9,15.99,156737,27.67945,5,6,1,0,3,168288.0,158975.0,169018.33333333334,634.2683448932196,164158.14285714287,6745.46740235119,162068.93333333332,6119.031718157622
2023-06-25,27.6,82,9.9,20.48,151904,28.896900000000002,6,6,1,0,3,156737.0,151407.0,164818.66666666666,7022.222891174384,163838.42857142858,7076.9679679252395,161620.9,5995.643420362885
2023-06-26,27.3,85,11.9,16.32,163458,28.356,0,6,0,0,3,151904.0,164066.0,158976.33333333334,8418.421724606907,163909.42857142858,6932.480745426308,161164.0,6199.885927760615
2023-06-27,27.2,84,14.5,20.01,163937,28.3176,1,6,0,0,3,163458.0,167604.0,157366.33333333334,5802.652353306509,163822.57142857142,6934.000765722477,161421.43333333332,6126.593296966887
2023-06-28,26.8,87,13.7,16.55,162919,27.67945,2,6,0,0,3,163937.0,169336.0,159766.33333333334,6813.191200409214,163298.7142857143,6736.407393516314,161832.63333333333,5852.5968859300665
2023-06-29,27.1,85,15.9,19.93,153616,28.1395,3,6,0,1,3,162919.0,169431.0,163438.0,509.2946102209864,162382.0,6192.575070194416,161761.0,5824.71687635185
2023-06-30,26.6,89,11.3,17.62,162302,27.332050000000002,4,6,0,0,3,153616.0,168288.0,160157.33333333334,5687.781846496358,160122.7142857143,6076.068732172991,161280.16666666666,5883.52192837011
2023-07-01,26.7,87,14.4,17.15,151875,27.5723,5,7,1,0,3,162302.0,156737.0,159612.33333333334,5202.132479410106,159267.57142857142,5073.956012722551,161050.26666666666,5695.157289059636
2023-07-02,27.5,83,15.8,15.14,150197,28.7155,6,7,1,0,3,151875.0,151904.0,155931.0,5585.696107021955,158573.0,5763.961195797808,160685.6,5923.918382869493
2023-07-03,26.6,89,10.5,12.08,164458,27.332050000000002,0,7,0,0,3,150197.0,163458.0,154791.33333333334,6558.31581530911,158329.14285714287,6118.347310305312,160644.53333333333,5994.1550653223
2023-07-04,26.9,87,10.5,19.52,165907,27.7866,1,7,0,0,3,164458.0,163937.0,155510.0,7794.4819584113675,158472.0,6267.906349012909,160937.8,5956.983004033791
2023-07-05,26.4,89,9.8,19.3,165912,27.11995,2,7,0,0,3,165907.0,162919.0,160187.33333333334,8682.163919976034,158753.42857142858,6590.125007846493,161510.03333333333,5555.881763614765
2023-07-06,24.8,91,6.7,7.37,162009,25.30985,3,7,0,0,3,165912.0,153616.0,165425.66666666666,838.0276447310926,159181.0,6990.373428269943,161728.86666666667,5596.885831968949
2023-07-07,25.8,87,10.5,15.8,162099,26.607950000000002,4,7,0,0,3,162009.0,162302.0,164609.33333333334,2251.9561126570757,160380.0,6584.794048917671,161748.4,5596.804116390369
2023-07-08,26.1,90,15.2,18.73,155198,26.738000000000003,5,7,1,0,3,162099.0,151875.0,163340.0,2227.871854483611,160351.0,6575.358874869741,161720.33333333334,5592.727009456267
2023-07-09,26.6,89,9.8,16.51,150937,27.332050000000002,6,7,1,0,3,155198.0,150197.0,159768.66666666666,3958.569228058737,160825.7142857143,5951.826378355624,161392.43333333332,5679.386596816127
2023-07-10,25.9,89,10.8,18.19,160991,26.589699999999997,0,7,0,0,3,150937.0,164458.0,156078.0,5632.793356763605,160931.42857142858,5734.170932725044,160909.6,5934.970496978277
2023-07-11,24.5,96,11.1,4.43,158453,24.72,1,7,0,0,3,160991.0,165907.0,155708.66666666666,5046.4159889305165,160436.14285714287,5524.701875171067,160991.93333333332,5917.799631464682
2023-07-12,26.2,88,10.7,20.43,159787,26.9722,2,7,0,0,3,158453.0,165912.0,156793.66666666666,5228.362012459886,159371.2857142857,4986.634092393809,161121.76666666666,5813.584582880126
2023-07-13,27.3,84,11.6,21.41,162274,28.4264,3,7,0,0,3,159787.0,162009.0,159743.66666666666,1269.5547776026162,158496.2857142857,4107.546255137188,161002.1,5802.499837911942
2023-07-14,24.8,94,15.2,7.45,158682,25.1399,4,7,0,0,3,162274.0,162099.0,160171.33333333334,1939.2767552192245,158534.14285714287,4146.354801853481,160926.63333333333,5769.555684102253
2023-07-15,26.4,87,12.9,18.71,149936,27.25085,5,7,1,0,3,158682.0,155198.0,160247.66666666666,1839.7761639214648,158046.0,3847.0599163512684,160747.36666666667,5752.365950922792
2023-07-16,27.4,84,14.7,17.78,148455,28.5352,6,7,1,0,3,149936.0,150937.0,156964.0,6345.880868721083,157294.2857142857,4873.477461877269,160280.83333333334,6045.277056959817
2023-07-17,26.9,88,16.2,19.23,161458,27.7184,0,7,0,0,3,148455.0,160991.0,152357.66666666666,5526.864783340873,156939.7142857143,5467.2134802011,159705.0,6324.624186736362
2023-07-18,26.3,89,17.4,17.88,160102,27.0139,1,7,0,0,3,161458.0,158453.0,153283.0,7118.378256316545,157006.42857142858,5527.407073156299,159787.76666666666,6330.985273232546
2023-07-19,25.8,90,12.2,15.7,158995,26.4215,2,7,0,0,3,160102.0,159787.0,156671.66666666666,7148.069133222869,157242.0,5633.455274814071,160077.6,6129.918864288582
2023-07-20,25.1,94,12.5,7.07,157624,25.449800000000003,3,7,0,0,3,158995.0,162274.0,160185.0,1233.5959630285208,157128.85714285713,5581.536300713963,159908.56666666668,6085.904498459548
2023-07-21,26.9,86,17.2,16.68,159831,27.854799999999997,4,7,0,0,3,157624.0,158682.0,158907.0,1241.3416129334678,156464.57142857142,5125.183374187247,159575.9,5921.289208120912
2023-07-22,27.4,85,17.4,20.0,153633,28.46425,5,7,1,0,3,159831.0,149936.0,158816.66666666666,1114.2550575759592,156628.7142857143,5225.454994998954,159259.06666666668,5628.077193141211
2023-07-23,27.7,84,14.8,19.93,149222,28.8616,6,7,1,0,3,153633.0,148455.0,157029.33333333334,3141.50001326335,157156.85714285713,4583.696013355851,158732.46666666667,5376.98641872272
2023-07-24,27.7,83,14.2,21.39,160862,28.9342,0,7,0,0,3,149222.0,161458.0,154228.66666666666,5329.524775562414,157266.42857142858,4343.9078741433605,158096.93333333332,5335.215426819873
2023-07-25,28.1,81,17.2,22.59,164693,29.5212,1,7,0,0,3,160862.0,160102.0,154572.33333333334,5876.577263453064,157181.2857142857,4252.946653567664,158234.43333333332,5352.086842005638
2023-07-26,27.8,84,19.1,17.97,167265,28.9704,2,7,0,0,3,164693.0,158995.0,158259.0,8057.274166863143,157837.14285714287,5056.506878223386,158660.73333333334,5339.788578620875
2023-07-27,27.7,84,18.1,20.49,166620,28.8616,3,7,0,0,3,167265.0,157624.0,164273.33333333334,3222.0633658159913,159018.57142857142,6207.294280579089,158787.63333333333,5500.543700294793
2023-07-28,27.9,83,18.1,19.79,165758,29.1529,4,7,0,0,3,166620.0,159831.0,166192.66666666666,1338.191441212151,160303.7142857143,6775.676539757711,158877.06666666668,5607.917708908292
2023-07-29,27.7,81,20.2,19.28,155715,29.0794,5,7,1,0,3,165758.0,153633.0,166547.66666666666,756.0994202705482,161150.42857142858,7070.667739733496,158971.7,5701.647808702756
2023-07-30,28.2,76,20.5,22.2,150031,30.008399999999998,6,7,1,0,3,155715.0,149222.0,162697.66666666666,6062.506604807404,161447.85714285713,6737.691974470975,159041.66666666666,5646.269921194938
2023-07-31,28.5,70,18.6,20.55,162075,30.810000000000002,0,7,0,0,3,150031.0,160862.0,157168.0,7963.544374209266,161563.42857142858,6495.620392672866,158632.63333333333,5842.98473847272
2023-08-01,27.8,79,12.8,20.21,165008,29.33615,1,8,0,0,3,162075.0,164693.0,155940.33333333334,6025.161021361449,161736.7142857143,6489.966787646534,158972.63333333333,5731.912868910675
2023-08-02,27.6,83,14.9,18.89,167649,28.82485,2,8,0,0,3,165008.0,167265.0,159038.0,7936.948972999638,161781.7142857143,6514.925471926369,159466.33333333334,5585.9789024711545
2023-08-03,25.7,91,17.9,7.3,162091,26.2544,3,8,0,0,3,167649.0,166620.0,164910.66666666666,2788.274436516849,161836.57142857142,6570.173484698917,159572.7,5713.23789560057
2023-08-04,27.4,86,17.2,20.09,162464,28.3933,4,8,0,0,3,162091.0,165758.0,164916.0,2780.141902853169,161189.57142857142,6235.066956526979,159445.5,5608.874167873331
2023-08-05,27.4,85,18.0,20.48,155925,28.46425,5,8,1,0,3,162464.0,155715.0,164068.0,3106.8397126340524,160719.0,5950.629182419345,159330.56666666668,5506.184746348582
2023-08-06,27.6,80,14.8,22.59,151364,29.041,6,8,1,0,3,155925.0,150031.0,160160.0,3672.3563280270123,160749.0,5921.655821361175,159127.76666666666,5516.164607602202
2023-08-07,27.4,83,18.4,21.48,166019,28.60615,0,8,0,0,3,151364.0,162075.0,156584.33333333334,5579.295684343447,160939.42857142858,5527.882441379173,158769.93333333332,5663.009410341059
2023-08-08,26.9,85,14.7,19.35,164342,27.923,1,8,0,0,3,166019.0,165008.0,157769.33333333334,7499.562009433177,161502.85714285713,5854.27574309443,159130.63333333333,5771.235799551531
2023-08-09,26.9,86,15.4,20.57,152959,27.854799999999997,2,8,0,1,3,164342.0,167649.0,160575.0,8020.90848969118,161407.7142857143,5792.906688766475,159577.46666666667,5632.23674397944
2023-08-10,27.1,83,12.6,21.73,163890,28.278100000000002,3,8,0,0,3,152959.0,162091.0,161106.66666666666,7105.732638745517,159309.14285714287,5815.865066882636,159309.73333333334,5752.3495105875
2023-08-11,26.7,84,16.2,20.6,163692,27.7736,4,8,0,0,3,163890.0,162464.0,160397.0,6445.460340425651,159566.14285714287,5996.23352415377,159490.96666666667,5809.788728328969
2023-08-12,27.2,83,14.3,20.01,155089,28.38745,5,8,1,0,3,163692.0,155925.0,160180.33333333334,6254.641663063781,159741.57142857142,6111.99086106231,159621.13333333333,5860.176681656633
2023-08-13,26.9,84,14.0,20.33,150690,27.9912,6,8,1,0,3,155089.0,151364.0,160890.33333333334,5025.07734600506,159622.14285714287,6206.4342266327785,159381.63333333333,5894.738083054948
2023-08-14,26.3,85,17.5,18.97,160431,27.273500000000002,0,8,0,0,3,150690.0,166019.0,156490.33333333334,6613.304947855748,159525.85714285713,6359.249311791357,159115.23333333334,6104.311956389659
2023-08-15,25.8,88,9.9,18.82,160005,26.5458,1,8,0,0,3,160431.0,164342.0,155403.33333333334,4878.101509125587,158727.57142857142,5727.6794270492555,159465.06666666668,5855.78854746702
2023-08-16,26.8,87,13.0,19.66,161216,27.67945,2,8,0,0,3,160005.0,152959.0,157042.0,5505.115530122868,158108.0,5232.284459646936,159850.06666666668,5474.205141062863
2023-08-17,26.2,89,9.2,19.67,161953,26.90785,3,8,0,0,3,161216.0,163890.0,160550.66666666666,614.30475607253,159287.57142857142,4790.068644502176,159842.0,5471.931853276213
2023-08-18,25.8,90,11.2,15.71,158653,26.4215,4,8,0,0,3,161953.0,163692.0,161058.0,983.5644361199719,159010.85714285713,4528.699424358606,159903.7,5485.383783449107
2023-08-19,26.1,90,15.3,18.51,149683,26.738000000000003,5,8,1,0,3,158653.0,155089.0,160607.33333333334,1732.1536690875164,158291.0,4034.069781250197,159892.3,5487.692305325922
2023-08-20,26.9,87,15.9,19.43,147495,27.7866,6,8,1,0,3,149683.0,150690.0,156763.0,6349.590537979596,157518.7142857143,5120.419862806679,159627.6,5784.375140455493
2023-08-21,24.9,94,16.0,5.61,157730,25.243199999999998,0,8,0,0,3,147495.0,160431.0,151943.66666666666,5912.546095662453,157062.2857142857,5911.816097564736,159216.4,6193.425115561758
2023-08-22,27.0,82,19.0,21.21,160725,28.2375,1,8,0,0,3,157730.0,160005.0,151636.0,5389.755374782786,156676.42857142858,5740.975871084832,159352.96666666667,6110.681549455249
2023-08-23,27.2,83,14.5,18.61,163373,28.38745,2,8,0,0,3,160725.0,161216.0,155316.66666666666,6937.316363935935,156779.2857142857,5816.503953243087,159736.4,5806.381142537584
2023-08-24,27.0,85,12.9,21.36,164910,28.03125,3,8,0,0,3,163373.0,161953.0,160609.33333333334,2823.2775870136015,157087.42857142858,6138.923354496126,159820.1,5841.160461875841
2023-08-25,26.8,86,15.0,20.65,163452,27.7471,4,8,0,0,3,164910.0,158653.0,163002.66666666666,2116.935599713259,157509.85714285713,6612.967020144628,159827.33333333334,5847.533723175989
2023-08-26,26.5,87,13.2,19.74,153456,27.358,5,8,1,0,3,163452.0,149683.0,163911.66666666666,865.4838723704498,158195.42857142858,6989.280193198999,159700.23333333334,5720.3525312354195
2023-08-27,26.7,87,12.7,21.66,149357,27.5723,6,8,1,0,3,153456.0,147495.0,160606.0,6234.846910710801,158734.42857142858,6338.602918023561,159261.43333333332,5675.967106921327
2023-08-28,26.5,87,16.3,19.77,163169,27.358,0,8,0,0,3,149357.0,157730.0,155421.66666666666,7250.182089667356,159000.42857142858,5804.932410089712,158714.73333333334,5816.763734262567
2023-08-29,26.4,88,15.9,20.49,162791,27.185399999999998,1,8,0,0,3,163169.0,160725.0,155327.33333333334,7093.606440544415,159777.42857142858,5968.254039977639,158963.2,5843.350157407244
2023-08-30,26.6,88,13.0,20.19,161666,27.398600000000002,2,8,0,0,3,162791.0,163373.0,158439.0,7867.513203039437,160072.57142857142,6073.086718112067,159388.53333333333,5631.310539777094
2023-08-31,27.6,79,18.6,22.0,162062,29.11305,3,8,0,0,3,161666.0,164910.0,162542.0,781.826707141588,159828.7142857143,5951.529431282657,159374.9,5625.0740031915675
2023-09-01,27.7,79,19.9,22.24,151344,29.2246,4,9,0,1,4,162062.0,163452.0,162173.0,570.6548869499485,159421.85714285713,5635.2105381715055,159276.7,5548.537124075469
2023-09-02,27.7,81,15.5,21.98,152635,29.0794,5,9,1,0,4,151344.0,153456.0,158357.33333333334,6076.951318986622,157692.14285714287,6036.002137965184,158733.2,5498.5020430335135
2023-09-03,28.2,77,17.2,21.24,150610,29.933049999999998,6,9,1,0,4,152635.0,149357.0,155347.0,5851.075883972104,157574.85714285713,6139.128967222225,158418.0,5569.946783625151
2023-09-04,28.2,74,20.9,19.66,163311,30.1591,0,9,0,0,4,150610.0,163169.0,151529.66666666666,1025.187950247791,157753.85714285713,5872.0410826378675,158022.86666666667,5692.147481147061
2023-09-05,27.6,79,14.6,20.07,164681,29.11305,1,9,0,0,4,163311.0,162791.0,155518.66666666666,6823.891875853055,157774.14285714287,5894.07022434584,158269.06666666668,5757.635475719763
2023-09-06,25.4,91,11.0,14.68,162378,25.939549999999997,2,9,0,0,4,164681.0,161666.0,159534.0,7758.708462108884,158044.14285714287,6197.659542885528,158712.96666666667,5720.146335741873
2023-09-07,26.7,87,11.7,17.07,160202,27.5723,3,9,0,0,4,162378.0,162062.0,163456.66666666666,1158.389543000687,158145.85714285713,6272.399206804362,158591.6,5597.088526405147
2023-09-08,26.7,87,11.8,16.79,163521,27.5723,4,9,0,0,4,160202.0,151344.0,162420.33333333334,2239.8000654820416,157880.14285714287,6116.307040160766,158453.6,5500.625566932235
2023-09-09,26.3,88,14.0,19.77,153687,27.0788,5,9,1,0,4,163521.0,152635.0,162033.66666666666,1686.0795750300115,159619.7142857143,5662.311298232416,158805.66666666666,5474.7664181529835
2023-09-10,26.1,88,16.9,19.7,147569,26.8656,6,9,1,0,4,153687.0,150610.0,159136.66666666666,5002.808244709499,159770.0,5456.240769369371,158465.56666666668,5464.9327704062225
2023-09-11,26.9,82,18.4,21.04,159887,28.127599999999997,0,9,0,0,4,147569.0,163311.0,154925.66666666666,8047.81320194084,159335.57142857142,6354.277872875065,157928.13333333333,5720.060698576957
2023-09-12,27.3,84,18.7,17.11,163864,28.4264,1,9,0,0,4,159887.0,164681.0,153714.33333333334,6159.04548881831,158846.42857142858,6124.898634729391,158088.06666666668,5704.997379390544
2023-09-13,27.9,82,15.5,19.88,166514,29.226599999999998,2,9,0,0,4,163864.0,162378.0,157106.66666666666,8495.84877062517,158729.7142857143,6001.732297547461,158527.2,5622.331492085726
2023-09-14,28.1,77,18.9,23.88,166853,29.820400000000003,3,9,0,0,4,166514.0,160202.0,163421.66666666666,3335.5698663546705,159320.57142857142,6595.024307691596,158729.96666666667,5800.234302540731
2023-09-15,27.8,78,21.6,22.4,166268,29.4093,4,9,0,0,4,166853.0,163521.0,165743.66666666666,1636.6399522599186,160270.7142857143,7194.989430482626,158958.23333333334,5983.983252347063
2023-09-16,28.0,79,16.3,21.16,157641,29.55925,5,9,1,0,4,166268.0,153687.0,166545.0,293.7294673675578,160663.14285714287,7471.415694243296,159126.63333333333,6119.26869917035
2023-09-17,27.3,83,12.1,21.64,152869,28.4968,6,9,1,0,4,157641.0,147569.0,163587.33333333334,5157.975991930692,161228.0,6990.060180951772,158982.9,6101.206813071033
2023-09-18,26.9,87,13.0,17.52,164748,27.7866,0,9,0,0,4,152869.0,159887.0,158926.0,6791.297298749341,161985.14285714287,5361.240385972649,158790.1,6202.537847387808
2023-09-19,27.1,86,10.7,18.72,166128,28.070200000000003,1,9,0,0,4,164748.0,163864.0,158419.33333333334,5977.625978039558,162679.57142857142,5358.994770698526,159292.26666666666,6047.698216639331
2023-09-20,26.4,88,10.2,18.17,163706,27.185399999999998,2,9,0,0,4,166128.0,166514.0,161248.33333333334,7289.4458179846115,163003.0,5508.621969239944,159913.36666666667,5743.493322933094
2023-09-21,25.9,91,14.4,19.39,162202,26.464299999999998,3,9,0,0,4,163706.0,166853.0,164860.66666666666,1214.9244146584897,162601.85714285713,5308.95744406097,160112.56666666668,5768.733529110819
2023-09-22,25.5,92,11.6,13.1,160788,25.983999999999998,4,9,0,0,4,162202.0,166268.0,164012.0,1980.8069062884301,161937.42857142858,4968.359684279583,160161.8,5780.431462240296
2023-09-23,25.9,90,9.8,17.69,152758,26.526999999999997,5,9,1,0,4,160788.0,157641.0,162232.0,1459.2313044887508,161154.57142857142,4589.569110389555,160075.63333333333,5750.099936063282
2023-09-24,24.9,93,15.8,7.23,147234,25.3004,6,9,1,0,4,152758.0,152869.0,158582.66666666666,5093.614172013153,160457.0,5494.479866192512,159670.56666666668,5825.3314701211575
2023-09-25,27.1,83,15.6,20.98,159890,28.278100000000002,0,9,0,0,4,147234.0,164748.0,153593.33333333334,6815.50184016799,159652.0,6998.448208948096,159129.96666666667,6202.617959424635
2023-09-26,27.4,83,20.2,21.98,163408,28.60615,1,9,0,0,4,159890.0,166128.0,153294.0,6345.002442867928,158958.0,6640.602884276597,159344.43333333332,6110.210480506728
2023-09-27,28.0,79,19.6,24.57,164731,29.55925,2,9,0,0,4,163408.0,163706.0,156844.0,8506.359738454516,158569.42857142858,6217.211670224622,159812.8,5851.284034737565
2023-09-28,28.1,80,16.3,22.37,165334,29.596,3,9,0,0,4,164731.0,162202.0,162676.33333333334,2502.063614965313,158715.85714285713,6368.5795493333235,159864.86666666667,5889.006430649587
2023-09-29,27.8,83,15.9,21.93,164603,29.04355,4,9,0,0,4,165334.0,160788.0,164491.0,985.1746038139304,159163.2857142857,6752.753875624204,159949.63333333333,5950.558093115514
2023-09-30,27.4,85,11.4,19.39,152985,28.46425,5,9,1,0,4,164603.0,152758.0,164889.33333333334,390.37460641449275,159708.2857142857,7053.010343446071,160047.53333333333,6003.692775877922
2023-10-01,26.8,84,10.1,20.72,148592,27.8824,6,10,1,0,4,152985.0,147234.0,160974.0,6928.324544938692,159740.7142857143,7016.1535928235335,159744.96666666667,6126.146296582277
2023-10-02,27.8,82,19.2,22.53,164031,29.1167,0,10,0,0,4,148592.0,159890.0,155393.33333333334,8272.731249915792,159934.7142857143,6620.308948336456,159653.23333333334,6275.074829521498
2023-10-03,26.7,86,13.9,19.81,162881,27.6394,1,10,0,0,4,164031.0,163408.0,155202.66666666666,7954.823337657062,160526.2857142857,6798.269429648247,160033.1,6179.779710112615
2023-10-04,27.0,85,13.0,22.19,163730,28.03125,2,10,0,0,4,162881.0,164731.0,158501.33333333334,8600.976126773834,160451.0,6763.86883866485,160442.13333333333,5935.8557279461265
2023-10-05,28.1,81,13.8,22.58,166472,29.5212,3,10,0,0,4,163730.0,165334.0,163547.33333333334,596.3642622872025,160308.0,6668.206005615617,160456.1,5943.326981611155
2023-10-06,27.5,86,13.0,20.74,167691,28.501,4,10,0,0,4,166472.0,164603.0,164361.0,1876.8167198743806,160470.57142857142,6823.232881294296,160515.8,5995.990852515589
2023-10-07,28.2,82,15.8,22.26,160142,29.5563,5,10,1,0,4,167691.0,152985.0,165964.33333333334,2028.7124816822493,160911.7142857143,7223.04662669589,160692.9,6129.859245445026
2023-10-08,27.3,83,14.0,21.76,155427,28.4968,6,10,1,0,4,160142.0,148592.0,164768.33333333334,4052.617713692394,161934.14285714287,6370.198255118689,160690.9,6130.034720889654
2023-10-09,27.5,86,10.1,20.02,167038,28.501,0,10,0,0,4,155427.0,164031.0,161086.66666666666,6186.333351294072,162910.57142857142,4105.540924860787,160421.1,6179.102324883578
2023-10-10,27.3,85,10.5,22.11,167152,28.356,1,10,0,0,4,167038.0,162881.0,160869.0,5839.539964757494,163340.14285714287,4389.7870650160885,160866.13333333333,6158.121868486269
2023-10-11,27.2,88,10.7,21.86,166817,28.0382,2,10,0,0,4,167152.0,163730.0,163205.66666666666,6736.764084731877,163950.2857142857,4606.786758477839,161518.9,5722.510658009904
2023-10-12,28.2,81,12.7,23.62,168132,29.63165,3,10,0,0,4,166817.0,166472.0,167002.33333333334,170.32420066854522,164391.2857142857,4728.3376823241315,161749.9,5793.791727000942
2023-10-13,28.0,80,11.8,23.91,168115,29.485,4,10,0,0,4,168132.0,167691.0,167367.0,683.3556906911991,164628.42857142858,4888.983836378665,161892.16666666666,5898.93982925728
2023-10-14,28.1,79,15.8,23.27,159208,29.6708,5,10,1,0,4,168115.0,160142.0,167688.0,754.3560167454395,164689.0,4935.65483666124,161945.53333333333,5949.222242609242
2023-10-15,27.9,80,17.0,21.41,155070,29.374,6,10,1,0,4,159208.0,155427.0,165151.66666666666,5147.373343107466,164555.57142857142,5089.296967071047,161690.7,5895.254585769554
2023-10-16,28.1,81,13.2,18.28,167352,29.5212,0,10,0,0,4,155070.0,167038.0,160797.66666666666,6666.204792333737,164504.57142857142,5196.676882300709,161317.43333333332,5949.699863095781
2023-10-17,28.3,81,18.6,22.79,168272,29.7421,1,10,0,0,4,167352.0,167152.0,160543.33333333334,6248.937296319525,164549.42857142858,5223.475977326327,161641.13333333333,6006.678201476621
2023-10-18,27.4,85,16.6,17.99,165250,28.46425,2,10,0,0,4,168272.0,166817.0,163564.66666666666,7370.964749158226,164709.42857142858,5332.497346682109,162154.56666666668,5888.138173529664
2023-10-19,26.8,89,10.9,21.43,163674,27.544150000000002,3,10,0,0,4,165250.0,168132.0,166958.0,1549.0474492409594,164485.57142857142,5261.697186811997,162171.3,5896.469938402577
2023-10-20,26.4,90,9.4,16.89,163138,27.054499999999997,4,10,0,0,4,163674.0,168115.0,165732.0,2336.588110900148,163848.7142857143,5010.586150483815,162089.5,5856.573876334869
2023-10-21,25.9,91,10.7,16.29,153429,26.464299999999998,5,10,1,0,4,163138.0,159208.0,164020.66666666666,1097.847591122397,163137.7142857143,4644.012550738956,162070.56666666668,5852.0842009838525
2023-10-22,26.2,91,8.3,16.26,149039,26.779149999999998,6,10,1,0,4,153429.0,155070.0,160080.33333333334,5766.4547456243245,162312.14285714287,5823.037821977778,161778.13333333333,6060.766076156342
2023-10-23,25.7,91,8.0,13.98,161003,26.2544,0,10,0,0,4,149039.0,167352.0,155202.0,7214.783226126755,161450.57142857142,7325.505303552447,161386.5,6491.26078689269
2023-10-24,26.2,89,10.2,19.16,162101,26.90785,1,10,0,0,4,161003.0,168272.0,154490.33333333334,6052.201693048016,160543.57142857142,6850.706602415252,161661.33333333334,6284.594164788559
2023-10-25,26.4,87,8.8,20.62,161060,27.25085,2,10,0,0,4,162101.0,165250.0,157381.0,7245.213868478965,159662.0,6039.452017084209,162156.9,5663.145710158384
2023-10-26,27.0,86,16.5,21.51,163539,27.9625,3,10,0,0,4,161060.0,163674.0,161388.0,618.133480730437,159063.42857142858,5583.764108470565,162195.9,5651.0117638503425
2023-10-27,26.7,87,10.3,19.08,165245,27.5723,4,10,0,0,4,163539.0,163138.0,162233.33333333334,1244.7868626127324,159044.14285714287,5565.3885287719995,162200.26666666666,5652.031199936888
2023-10-28,26.5,90,13.3,14.0,153567,27.16,5,10,1,0,4,165245.0,153429.0,163281.33333333334,2104.3645913513265,159345.14285714287,5872.223497919674,162217.4,5660.7396470537915
2023-10-29,26.6,86,9.7,21.43,150026,27.5317,6,10,1,0,4,153567.0,149039.0,160783.66666666666,6307.758503092296,159364.85714285713,5849.238139238302,161825.16666666666,5842.106499421008
2023-10-30,26.4,87,9.5,21.59,162637,27.25085,0,10,0,0,4,150026.0,161003.0,156279.33333333334,7963.7964773927515,159505.85714285713,5563.770916340805,161339.26666666666,6198.434323631265
2023-10-31,25.9,90,14.7,17.24,163031,26.526999999999997,1,10,0,0,4,162637.0,162101.0,155410.0,6504.369070094342,159739.2857142857,5670.309771499054,161661.0,5997.074068186316
2023-11-01,25.8,90,15.6,18.26,163114,26.4215,2,11,0,0,4,163031.0,161060.0,158564.66666666666,7397.325890707621,159872.14285714287,5745.267746257442,162142.3,5468.122896419515
2023-11-02,26.5,88,9.2,19.38,162896,27.292,3,11,0,0,4,163114.0,163539.0,162927.33333333334,254.83785694702402,160165.57142857142,5867.204611429213,162111.73333333334,5459.7576549309615
2023-11-03,27.3,84,10.4,21.86,164007,28.4264,4,11,0,0,4,162896.0,165245.0,163013.66666666666,110.02878411283528,160073.7142857143,5810.345592540712,162112.23333333334,5459.831219340089
2023-11-04,26.7,87,9.5,17.04,156094,27.5723,5,11,1,0,4,164007.0,153567.0,163339.0,588.6841258264193,159896.85714285713,5643.141661301741,162121.46666666667,5462.894791120646
2023-11-05,26.8,88,9.6,18.97,151334,27.611800000000002,6,11,1,0,4,156094.0,150026.0,160999.0,4284.022525617718,160257.85714285713,5236.930889638729,161775.53333333333,5506.317636374253
2023-11-06,26.0,91,11.3,17.31,163213,26.56925,0,11,0,0,4,151334.0,162637.0,157145.0,6401.537549682889,160444.7142857143,4817.547568153691,161230.3,5706.562992096118
2023-11-07,25.9,91,8.8,15.64,162283,26.464299999999998,1,11,0,0,4,163213.0,163031.0,156880.33333333334,5978.411188044303,160527.0,4865.909986836467,161332.66666666666,5713.907137993371
2023-11-08,26.0,90,10.2,12.15,161531,26.6325,2,11,0,0,4,162283.0,163114.0,158943.33333333334,6606.261449059768,160420.14285714287,4809.644319093199,161561.2,5605.639767234642
2023-11-09,26.5,87,8.4,18.21,162106,27.358,3,11,0,0,4,161531.0,162896.0,162342.33333333334,842.5682959459247,160194.0,4697.787138642539,161377.63333333333,5509.450786092042
2023-11-10,26.4,89,12.1,15.43,161094,27.11995,4,11,0,0,4,162106.0,164007.0,161973.33333333334,393.16196831995927,160081.14285714287,4631.072713333903,161209.43333333332,5403.082968488471
2023-11-11,26.9,87,12.2,20.38,152234,27.7866,5,11,1,0,4,161094.0,156094.0,161577.0,507.5657592863151,159665.0,4341.319077576441,161018.66666666666,5298.284122589169
2023-11-12,26.9,87,9.7,19.1,146864,27.7866,6,11,1,1,4,152234.0,151334.0,158478.0,5431.085342728458,159113.57142857142,5056.703697638486,160488.73333333334,5357.008306452816
2023-11-13,26.8,86,9.7,21.37,149842,27.7471,0,11,0,1,4,146864.0,163213.0,153397.33333333334,7185.974765703904,158475.0,6325.838126287867,159780.36666666667,5707.371268101978
2023-11-14,25.6,94,15.2,13.9,160124,25.9663,1,11,0,0,4,149842.0,162283.0,149646.66666666666,2690.323648435878,156564.85714285713,6666.294483658557,159468.16666666666,5988.978325646148
2023-11-15,26.3,89,13.5,21.84,160919,27.0139,2,11,0,0,4,160124.0,161531.0,152276.66666666666,6957.197807546755,156256.42857142858,6402.360706727429,159636.63333333333,5931.804391892915
2023-11-16,26.1,91,15.8,18.21,160910,26.674200000000003,3,11,0,0,4,160919.0,162106.0,156961.66666666666,6178.6120070233765,156169.0,6322.002557207101,159422.2,5756.977561905005
2023-11-17,26.0,91,11.4,15.52,159575,26.56925,4,11,0,0,4,160910.0,161094.0,160651.0,456.4175719668981,155998.14285714287,6148.591503441293,159176.8,5518.710752740675
2023-11-18,26.6,88,13.5,20.97,153069,27.398600000000002,5,11,1,0,4,159575.0,152234.0,160468.0,773.373777678141,155781.14285714287,5962.767657963655,158987.63333333333,5399.329993449429
2023-11-19,25.8,91,22.0,11.62,147814,26.35935,6,11,1,0,4,153069.0,146864.0,157851.33333333334,4195.067381262609,155900.42857142858,5887.861548902769,158634.13333333333,5429.007299449214
2023-11-20,26.2,91,10.8,16.96,160642,26.779149999999998,0,11,0,0,4,147814.0,149842.0,153486.0,5891.57848118823,156036.14285714287,5651.0447243134095,158123.33333333334,5704.542831773784
2023-11-21,26.0,92,10.2,16.45,160836,26.506,1,11,0,0,4,160642.0,160124.0,153841.66666666666,6448.810458784907,157579.0,5128.181874049658,158363.76666666666,5651.625122908149
2023-11-22,25.8,93,14.3,11.82,159153,26.23505,2,11,0,0,4,160836.0,160919.0,156430.66666666666,7462.882642339596,157680.7142857143,5193.71574482983,158757.0,5384.546278071279
2023-11-23,25.9,90,10.0,15.34,160054,26.526999999999997,3,11,0,0,4,159153.0,160910.0,160210.33333333334,920.8009194900407,157428.42857142858,5051.133432446551,158695.33333333334,5368.506620405243
2023-11-24,25.8,90,13.5,13.98,158373,26.4215,4,11,0,0,4,160054.0,159575.0,160014.33333333334,842.2008865666832,157306.14285714287,4962.38018926962,158627.1,5336.642276072117
2023-11-25,26.0,91,8.0,16.11,149696,26.56925,5,11,1,0,4,158373.0,153069.0,159193.33333333334,841.2254949380214,157134.42857142858,4891.069646377255,158537.53333333333,5316.914037123644
2023-11-26,25.7,92,8.2,17.01,144492,26.1928,6,11,1,0,4,149696.0,147814.0,156041.0,5558.840616531507,156652.57142857142,5488.056421513309,158076.1,5466.474917544147
2023-11-27,25.6,92,10.0,11.65,156173,26.0884,0,11,0,0,4,144492.0,160642.0,150853.66666666666,7012.537652899531,156178.0,6440.693622066887,157384.33333333334,5829.078429163088
2023-11-28,25.9,91,14.8,17.99,158586,26.464299999999998,1,11,0,0,4,156173.0,160836.0,150120.33333333334,5852.0495839777,155539.57142857142,6138.876087611486,157471.2,5789.513185418878
2023-11-29,25.5,93,10.5,14.22,157974,25.9235,2,11,0,0,4,158586.0,159153.0,153083.66666666666,7537.784444605299,155218.14285714287,5868.278493407698,157756.53333333333,5618.334357007214
2023-11-30,25.8,91,12.0,16.18,158995,26.35935,3,11,0,0,4,157974.0,160054.0,157577.66666666666,1254.3732830914714,155049.7142857143,5752.292665082588,157601.1,5542.650612950679
2023-12-01,24.9,94,13.2,9.55,154529,25.243199999999998,4,12,0,0,1,158995.0,158373.0,158518.33333333334,513.8524431523933,154898.42857142858,5610.933043536415,157466.56666666668,5454.591439444888
2023-12-02,25.8,91,12.3,19.65,147998,26.35935,5,12,1,0,1,154529.0,149696.0,157166.0,2340.0720074391625,154349.2857142857,5398.276629761612,157180.4,5372.675180308633
2023-12-03,26.2,88,11.0,18.08,143120,26.9722,6,12,1,0,1,147998.0,144492.0,153840.66666666666,5530.719151551057,154106.7142857143,5673.362016602734,156683.8,5512.8488123280595
2023-12-04,26.4,89,8.2,19.35,154474,27.11995,0,12,0,0,1,143120.0,156173.0,148549.0,5724.423202384697,153910.7142857143,6070.673595636993,155987.56666666668,5863.854050280314
2023-12-05,26.5,90,12.4,17.93,156748,27.16,1,12,0,0,1,154474.0,158586.0,148530.66666666666,5695.711486138816,153668.0,5998.686661817669,155933.56666666668,5870.295831606362
2023-12-06,25.6,92,13.1,14.19,156043,26.0884,2,12,0,0,1,156748.0,157974.0,151447.33333333334,7300.762243309503,153405.42857142858,5783.921964006528,156114.03333333333,5806.895612461395
2023-12-07,25.6,92,13.6,18.31,155685,26.0884,3,12,0,0,1,156043.0,158995.0,155755.0,1164.0347932945206,153129.57142857142,5571.875472919097,155875.03333333333,5650.075223688055
2023-12-08,26.1,89,15.2,17.92,157836,26.8018,4,12,0,0,1,155685.0,154529.0,156158.66666666666,540.8570359471598,152656.7142857143,5112.673524823603,155655.1,5518.933263681099
2023-12-09,26.0,91,13.4,13.14,150915,26.56925,5,12,1,0,1,157836.0,147998.0,156521.33333333334,1152.5199925960214,153129.14285714287,5455.789109700534,155531.93333333332,5423.687287123573
2023-12-10,26.1,89,15.2,13.74,146809,26.8018,6,12,1,0,1,150915.0,143120.0,154812.0,3542.1260564807963,153545.85714285713,5098.235885368569,155158.9,5340.147985486589
2023-12-11,25.7,92,13.4,14.06,159317,26.1928,0,12,0,0,1,146809.0,154474.0,151853.33333333334,5573.063280937475,154072.85714285713,3887.9021519142284,154682.73333333334,5428.823495668847
2023-12-12,25.3,93,9.8,11.48,157414,25.7158,1,12,0,0,1,159317.0,156748.0,152347.0,6375.773208011737,154764.7142857143,4371.95900843432,154918.83333333334,5472.500053296768
2023-12-13,25.9,92,12.3,19.06,157017,26.4016,2,12,0,0,1,157414.0,156043.0,154513.33333333334,6739.652538026986,154859.85714285713,4429.185042743017,155270.5,5272.357587880657
2023-12-14,25.4,93,10.3,15.19,157693,25.81965,3,12,0,0,1,157017.0,155685.0,157916.0,1229.4319826652468,154999.0,4487.463908861497,155509.66666666666,5179.537027195776
2023-12-15,25.9,92,9.4,18.22,157554,26.4016,4,12,0,0,1,157693.0,157836.0,157374.66666666666,339.71213303845275,155285.85714285713,4601.3589452310725,155428.63333333333,5123.570922593991
2023-12-16,26.0,90,13.2,17.55,149473,26.6325,5,12,1,0,1,157554.0,150915.0,157421.33333333334,356.99346399273776,155245.57142857142,4576.478043836241,155316.46666666667,5035.302981900914
2023-12-17,26.1,90,17.1,18.53,145336,26.738000000000003,6,12,1,0,1,149473.0,146809.0,154906.66666666666,4706.206575718228,155039.57142857142,4829.364825631705,154935.23333333334,5030.15845834818
2023-12-18,25.8,91,15.3,15.78,157640,26.35935,0,12,0,0,1,145336.0,159317.0,150787.66666666666,6214.18879125292,154829.14285714287,5260.602292151709,154460.6,5244.477789328326
2023-12-19,25.6,92,12.8,14.06,157015,26.0884,1,12,0,0,1,157640.0,157414.0,150816.33333333334,6261.031251585743,154589.57142857142,5056.3806837548545,154612.96666666667,5268.996622948554
2023-12-20,25.9,91,14.8,16.44,156840,26.464299999999998,2,12,0,0,1,157015.0,157017.0,153330.33333333334,6930.344892812572,154532.57142857142,5021.362327003427,154919.66666666666,5125.4244791971905
2023-12-21,25.7,91,17.1,12.97,156116,26.2544,3,12,0,0,1,156840.0,157693.0,157165.0,420.56509603140756,154507.2857142857,5007.192217676847,154792.93333333332,5025.075219428983
2023-12-22,26.0,87,23.3,14.29,154461,26.82225,4,12,0,0,1,156116.0,157554.0,156657.0,476.62039402432947,154282.0,4873.666552675569,154635.6,4901.721320459568
2023-12-23,26.1,87,17.0,9.6,146000,26.9294,5,12,1,0,1,154461.0,149473.0,155805.66666666666,1219.4836338931452,153840.14285714287,4663.245415965812,154479.2,4826.896764217495
2023-12-24,25.8,91,12.0,17.61,142249,26.35935,6,12,1,0,1,146000.0,145336.0,152192.33333333334,5426.186536909072,153344.0,5340.848028793697,154010.73333333334,4947.669761045811
2023-12-25,26.0,89,15.0,18.32,143436,26.69575,0,12,0,1,1,142249.0,157640.0,147570.0,6255.55041543108,152903.0,6174.646278668112,153473.26666666666,5319.277024593368
2023-12-26,25.3,91,15.3,12.48,152710,25.834600000000002,1,12,0,0,1,143436.0,157015.0,143895.0,1917.162225791016,150873.85714285713,6672.337357293112,153264.6,5588.53277641837
2023-12-27,25.0,93,17.6,7.57,153454,25.40425,2,12,0,0,1,152710.0,156840.0,146131.66666666666,5727.835047671445,150258.85714285713,6193.151121160365,153538.53333333333,5339.563282757664
2023-12-28,25.9,91,12.5,15.85,153525,26.464299999999998,3,12,0,0,1,153454.0,156116.0,149866.66666666666,5581.531092212368,149775.14285714287,5706.580483050283,153447.9,5316.329576133144
2023-12-29,26.0,92,15.0,15.45,154582,26.506,4,12,0,0,1,153525.0,154461.0,153229.66666666666,451.4425027990213,149405.0,5296.009252258436,153279.2,5227.215012433089
2023-12-30,25.8,92,13.7,13.16,148203,26.2972,5,12,1,0,1,154582.0,146000.0,153853.66666666666,631.753380151981,149422.2857142857,5315.423868777433,153166.13333333333,5158.395050677051
2023-12-31,25.6,92,15.5,14.09,141606,26.0884,6,12,1,0,1,148203.0,142249.0,152103.33333333334,3418.8831997208513,149737.0,5141.395530398981,152806.4,5114.000084959353
2024-01-01,25.5,92,14.7,12.6,141113,25.983999999999998,0,1,0,1,1,141606.0,143436.0,148130.33333333334,6488.3051973018,149645.14285714287,5300.7490171544505,152375.63333333333,5494.0460593534735
2024-01-02,25.9,91,15.8,17.46,154442,26.464299999999998,1,1,0,0,1,141113.0,152710.0,143640.66666666666,3958.7783890151736,149313.2857142857,5803.170734299969,152146.13333333333,5817.496942093125
2024-01-03,25.7,92,13.3,12.21,157571,26.1928,2,1,0,0,1,154442.0,153454.0,145720.33333333334,7557.206119547983,149560.7142857143,6005.528556097459,152523.53333333333,5573.898058613446
2024-01-04,24.9,92,16.0,9.49,155150,25.357599999999998,3,1,0,0,1,157571.0,153525.0,151042.0,8739.933695400676,150148.85714285713,6620.471519677678,152626.76666666666,5639.560796565599
2024-01-05,25.3,91,19.7,12.96,155763,25.834600000000002,4,1,0,0,1,155150.0,154582.0,155721.0,1640.7897488709878,150381.0,6785.029059137417,152573.5,5606.74395490473
2024-01-06,25.5,91,13.6,14.31,150533,26.0445,5,1,1,0,1,155763.0,148203.0,156161.33333333334,1258.6946942501409,150549.7142857143,6920.235875418861,152564.16666666666,5600.9993633114045
2024-01-07,24.0,96,12.3,5.39,144084,24.209,6,1,1,0,1,150533.0,141606.0,153815.33333333334,2859.0603934393357,150882.57142857142,6844.165906258137,152392.43333333332,5580.9586661551175
2024-01-08,25.6,90,17.8,18.78,155471,26.210500000000003,0,1,0,0,1,144084.0,141113.0,150126.66666666666,5850.093190140945,151236.57142857142,6329.08926721577,151934.03333333333,5682.276192071876
2024-01-09,25.2,94,8.3,10.32,157989,25.5531,1,1,0,0,1,155471.0,154442.0,150029.33333333334,5710.184089268346,153287.7142857143,4588.710847078712,152085.9,5714.8910711553235
2024-01-10,25.2,93,15.7,11.37,157809,25.61195,2,1,0,0,1,157989.0,157571.0,152514.66666666666,7408.926125514643,153794.42857142858,4921.212582861698,152458.56666666668,5723.436155530643
2024-01-11,26.2,88,14.8,17.2,158382,26.9722,3,1,0,0,1,157809.0,155150.0,157089.66666666666,1404.692611688936,153828.42857142858,4952.376529073316,152408.3,5667.472672461865
2024-01-12,24.9,92,14.4,10.45,155588,25.357599999999998,4,1,0,0,1,158382.0,155763.0,158060.0,293.0238898113306,154290.14285714287,5238.517615654765,152440.56666666668,5699.618781464387
2024-01-13,25.7,90,15.4,16.17,148526,26.316,5,1,1,0,1,155588.0,150533.0,157259.66666666666,1475.7826172351686,154265.14285714287,5230.728930355562,152392.93333333332,5665.925069390928
2024-01-14,26.0,88,18.3,15.45,146542,26.759,6,1,1,0,1,148526.0,144084.0,154165.33333333334,5079.682011044935,153978.42857142858,5516.589914586374,152087.36666666667,5617.214418769788
2024-01-15,25.7,90,17.0,14.34,160866,26.316,0,1,0,0,1,146542.0,155471.0,150218.66666666666,4754.615582077433,154329.57142857142,4815.499796045653,151720.3,5607.4602718163105
2024-01-16,25.4,92,16.9,11.62,159259,25.8796,1,1,0,0,1,160866.0,157989.0,151978.0,7760.893762963139,155100.2857142857,5422.150026028648,152100.06666666668,5831.340710176293
2024-01-17,25.5,91,20.4,13.45,160655,26.0445,2,1,0,0,1,159259.0,157809.0,155555.66666666666,7847.308604440985,155281.7142857143,5554.548968016721,152564.16666666666,5828.4899687732695
2024-01-18,25.5,91,18.8,14.39,159790,26.0445,3,1,0,0,1,160655.0,158382.0,160260.0,873.2874669891048,155688.2857142857,5865.804994891595,152664.66666666666,5943.881399553052
2024-01-19,25.7,90,17.0,13.82,158581,26.316,4,1,0,0,1,159790.0,155588.0,159901.33333333334,704.6277977298234,155889.42857142858,5996.2594411611335,152757.16666666666,6034.813782135804
2024-01-20,24.2,95,10.6,5.26,146344,24.46675,5,1,1,0,1,158581.0,148526.0,159675.33333333334,1041.743890470966,156317.0,6077.345089208991,152815.2,6083.603783375628
2024-01-21,25.6,88,12.2,20.84,143205,26.332600000000003,6,1,1,0,1,146344.0,146542.0,154905.0,7438.646449455725,156005.2857142857,6578.824963833707,152489.46666666667,6161.88198262631
2024-01-22,26.4,85,11.2,22.84,158804,27.38175,0,1,0,0,1,143205.0,160866.0,149376.66666666666,8124.231922670201,155528.57142857142,7442.987412259125,152114.26666666666,6376.643868829709
2024-01-23,25.9,91,11.2,17.69,160616,26.464299999999998,1,1,0,0,1,158804.0,159259.0,149451.0,8250.59313019374,155234.0,7234.422944045629,152541.06666666668,6381.788614991525
2024-01-24,25.5,92,11.2,13.4,160189,25.983999999999998,2,1,0,0,1,160616.0,160655.0,154208.33333333334,9572.138963331729,155427.85714285713,7377.030645378764,153153.3,6239.812591957995
2024-01-25,25.3,92,12.9,16.04,158272,25.7752,3,1,0,0,1,160189.0,159790.0,159869.66666666666,947.2678255558747,155361.2857142857,7323.90974171325,153711.73333333334,6087.982214467888
2024-01-26,26.0,88,20.6,14.1,159331,26.759,4,1,0,0,1,158272.0,158581.0,159692.33333333334,1248.4359548384423,155144.42857142858,7192.212011547503,153897.13333333333,6140.885209318135
2024-01-27,26.4,85,22.3,20.31,152019,27.38175,5,1,1,0,1,159331.0,146344.0,159264.0,960.2546537247536,155251.57142857142,7257.231815165344,154093.03333333333,6219.499089949639
2024-01-28,26.2,86,21.0,20.91,148552,27.1009,6,1,1,0,1,152019.0,143205.0,156540.66666666666,3951.515194622608,156062.2857142857,6357.520054085148,154042.83333333334,6230.310365232677
2024-01-29,26.1,85,17.7,20.52,160347,27.057000000000002,0,1,0,0,1,148552.0,158804.0,153300.66666666666,5502.609593032501,156826.14285714287,4646.1205834749135,153841.83333333334,6309.086961011745
2024-01-30,26.0,85,16.1,19.07,159245,26.94875,1,1,0,0,1,160347.0,160616.0,153639.33333333334,6062.146182115143,157046.57142857142,4789.97240274369,154246.63333333333,6324.385293740219
2024-01-31,26.3,86,15.9,20.13,160022,27.2086,2,1,0,0,1,159245.0,160189.0,156048.0,6515.068150065651,156850.7142857143,4645.549149967166,154834.6,5915.393551486254
2024-02-01,26.5,87,16.1,18.82,161308,27.358,3,2,0,0,1,160022.0,158272.0,159871.33333333334,566.238760006058,156826.85714285713,4625.935560459375,155464.9,5386.679018813358
2024-02-02,26.4,88,14.7,20.94,161529,27.185399999999998,4,2,0,0,1,161308.0,159331.0,160191.66666666666,1041.9128242483675,157260.57142857142,4917.1659472077245,155693.76666666666,5486.651856902402
2024-02-03,26.6,88,14.8,22.31,153054,27.398600000000002,5,2,1,0,1,161529.0,152019.0,160953.0,813.8064880546746,157574.57142857142,5136.694165743068,155825.7,5580.139845917847
2024-02-04,26.7,84,15.7,21.96,149040,27.7736,6,2,1,0,1,153054.0,148552.0,158630.33333333334,4830.510359509983,157722.42857142858,4962.054710740171,155755.83333333334,5601.970620534649
2024-02-05,26.5,86,15.7,20.98,162296,27.424,0,2,0,0,1,149040.0,160347.0,154541.0,6375.904406435211,157792.14285714287,4812.928887505836,155531.73333333334,5734.577253055737
2024-02-06,26.5,86,17.5,22.38,162792,27.424,1,2,0,0,1,162296.0,159245.0,154796.66666666666,6797.650280305197,158070.57142857142,5036.541202622257,155923.83333333334,5782.946415723263
2024-02-07,26.6,88,15.0,19.57,163066,27.398600000000002,2,2,0,0,1,162792.0,160022.0,158042.66666666666,7800.481352668781,158577.2857142857,5343.466001085686,156547.43333333332,5461.954176523012
2024-02-08,26.5,89,9.8,18.97,161117,27.226,3,2,0,0,1,163066.0,161308.0,162718.0,390.2973225633315,159012.14285714287,5598.413835738358,156800.6,5584.972327903584
2024-02-09,26.5,88,14.2,16.38,152192,27.292,4,2,0,0,1,161117.0,161529.0,162325.0,1055.0909913368162,158984.85714285713,5585.810547824434,156904.86666666667,5636.88110592191
2024-02-10,26.0,84,20.0,23.18,139332,27.012,5,2,1,1,1,152192.0,153054.0,158791.66666666666,5797.960877182028,157651.0,5978.066827996981,156717.63333333333,5698.76089062405
2024-02-11,26.3,81,24.2,22.99,139739,27.5331,6,2,1,1,1,139332.0,149040.0,150880.33333333334,10951.571044070957,155690.7142857143,9146.74814190425,156082.63333333333,6510.452537284184
2024-02-12,25.6,86,20.8,12.87,141790,26.454700000000003,0,2,0,1,1,139739.0,162296.0,143754.33333333334,7310.066780360733,154362.0,10800.037237590212,155554.33333333334,7162.378810834078
2024-02-13,25.9,87,23.2,18.04,150930,26.7151,1,2,0,0,1,141790.0,162792.0,140287.0,1317.4479116838984,151432.57142857142,11067.0742272918,155329.8,7488.467876076807
2024-02-14,26.9,84,22.5,22.11,156092,27.9912,2,2,0,0,1,150930.0,163066.0,144153.0,5957.973397053755,149738.0,9882.608849219629,155476.06666666668,7352.523319773693
2024-02-15,26.3,86,20.3,17.5,156994,27.2086,3,2,0,0,1,156092.0,161117.0,149604.0,7242.617482650887,148741.7142857143,8580.844766383465,155316.93333333332,7283.180116960704
2024-02-16,26.4,85,23.0,21.27,158361,27.38175,4,2,0,0,1,156994.0,152192.0,154672.0,3271.899142699889,148152.7142857143,7684.502341603164,155241.43333333332,7252.58175521598
2024-02-17,26.1,86,19.0,18.37,149930,26.9932,5,2,1,0,1,158361.0,139332.0,157149.0,1142.4136728874826,149034.0,8531.960247602829,155164.96666666667,7205.476602405686
2024-02-18,26.9,83,13.8,22.07,148464,28.0594,6,2,1,0,1,149930.0,139739.0,155095.0,4524.94099409045,150548.0,7386.8657539360465,154836.3,7212.1095204164985
2024-02-19,27.1,84,14.6,21.87,163185,28.208800000000004,0,2,0,0,1,148464.0,141790.0,152251.66666666666,5341.371952348345,151794.42857142858,5831.354898510808,154499.06666666668,7267.2928789546595
2024-02-20,27.1,86,12.9,21.98,164957,28.070200000000003,1,2,0,0,1,163185.0,150930.0,153859.66666666666,8109.171988146114,154850.85714285713,5296.106067309444,155060.43333333332,7266.07416025315
2024-02-21,26.8,88,10.2,20.42,165816,27.611800000000002,2,2,0,0,1,164957.0,156092.0,158868.66666666666,9054.159946308308,156854.7142857143,6150.140044863015,155785.5,7126.198046886458
2024-02-22,27.0,88,8.9,20.6,166198,27.825,3,2,0,0,1,165816.0,156994.0,164652.66666666666,1341.642401437043,158243.85714285713,6989.995456092079,156019.23333333334,7340.391113714519
2024-02-23,27.2,85,14.6,22.49,165625,28.24775,4,2,0,0,1,166198.0,158361.0,165657.0,635.5949968340159,159558.7142857143,7558.268313890274,156205.3,7529.247139860917
2024-02-24,27.0,83,14.5,22.71,156367,28.16875,5,2,1,0,1,165625.0,149930.0,165879.66666666666,291.7573192462602,160596.42857142858,7859.0909749395,156386.5,7692.076513283481
2024-02-25,27.1,81,16.0,24.07,153226,28.416700000000002,6,2,1,0,1,156367.0,148464.0,162730.0,5517.962395667483,161516.0,6693.130209400786,156323.0,7683.833216341447
2024-02-26,27.4,81,21.2,21.48,167322,28.74805,0,2,0,0,1,153226.0,163185.0,158406.0,6446.079506180515,162196.2857142857,5226.819100060228,156119.5,7682.264553659557
2024-02-27,26.2,85,16.5,12.72,166360,27.16525,1,2,0,0,1,167322.0,164957.0,158971.66666666666,7400.170290833436,162787.2857142857,5579.251016467503,156629.6,7905.420046420397
2024-02-28,27.5,76,20.5,23.86,165433,29.216,2,2,0,0,1,166360.0,165816.0,162302.66666666666,7875.326617565387,162987.7142857143,5694.2028623931865,157223.2,7946.451280831071
2024-02-29,27.5,77,18.4,23.21,166687,29.1445,3,2,0,0,1,165433.0,166198.0,166371.66666666666,944.5540393931619,162933.0,5664.258468678101,157392.73333333334,8068.707100351678
2024-03-01,27.4,83,16.2,19.25,167942,28.60615,4,3,0,0,2,166687.0,165625.0,166160.0,650.4836662058461,163002.85714285713,5714.033526577231,157640.8,8240.194554951337
2024-03-02,27.0,85,20.5,20.44,158124,28.03125,5,3,1,0,2,167942.0,156367.0,166687.33333333334,1254.5000332139982,163333.85714285713,5953.341454694292,157904.8,8443.477610885151
2024-03-03,26.2,90,18.1,17.73,151759,26.8435,6,3,1,0,2,158124.0,153226.0,164251.0,5343.112669596308,163584.85714285713,5639.417122024335,157798.66666666666,8419.20108558655
2024-03-04,26.8,88,13.4,19.14,164592,27.611800000000002,0,3,0,0,2,151759.0,167322.0,159275.0,8152.666618965882,163375.2857142857,6097.208205789998,157473.0,8458.796449809608
2024-03-05,26.1,91,11.7,17.26,163244,26.674200000000003,1,3,0,0,2,164592.0,166360.0,158158.33333333334,6416.568891029992,162985.2857142857,5886.351833245559,157857.6,8513.07507389631
2024-03-06,26.7,89,7.7,18.01,163948,27.4381,2,3,0,0,2,163244.0,165433.0,159865.0,7052.283530885618,162540.14285714287,5703.595340617689,158331.06666666668,8399.998119594866
2024-03-07,26.8,90,10.0,19.68,166145,27.4765,3,3,0,0,2,163948.0,166687.0,163928.0,674.2225151984536,162328.0,5604.825391273034,158386.13333333333,8432.239767633064
2024-03-08,26.0,92,14.2,15.94,164213,26.506,4,3,0,0,2,166145.0,167942.0,164445.66666666666,1513.1769008724243,162250.57142857142,5537.9154880129145,158497.9,8514.472374565754
2024-03-09,27.1,83,11.9,20.06,155547,28.278100000000002,5,3,1,0,2,164213.0,158124.0,164768.66666666666,1199.2815905090345,161717.85714285713,5057.722195763311,158536.13333333333,8538.234355687697
2024-03-10,26.5,87,15.0,17.68,152131,27.358,6,3,1,0,2,155547.0,151759.0,161968.33333333334,5644.315488465712,161349.7142857143,5442.09346098436,158350.46666666667,8540.737700244032
2024-03-11,27.2,78,15.7,22.6,162708,28.7367,0,3,0,0,2,152131.0,164592.0,157297.0,6228.206483410824,161402.85714285713,5333.563706333431,158348.43333333332,8542.261558269387
2024-03-12,27.1,83,16.1,19.72,165342,28.278100000000002,1,3,0,0,2,162708.0,163244.0,156795.33333333334,5397.868499077568,161133.7142857143,5191.45309504853,159127.63333333333,7779.954899627139
2024-03-13,27.1,80,16.6,24.82,165398,28.486,2,3,0,0,2,165342.0,163948.0,160060.33333333334,6992.155199459883,161433.42857142858,5390.341264926955,159981.06666666668,6938.528229776496
2024-03-14,27.1,82,16.2,24.45,166795,28.3474,3,3,0,0,2,165398.0,166145.0,164482.66666666666,1537.1614532422484,161640.57142857142,5529.151136088378,160768.0,6091.266738763152
2024-03-15,26.8,82,14.8,23.83,165504,28.0177,4,3,0,0,2,166795.0,164213.0,165845.0,823.2004616133913,161733.42857142858,5622.08403996009,161296.83333333334,5893.160641843968
2024-03-16,27.3,81,12.7,24.34,157785,28.6376,5,3,1,0,2,165504.0,155547.0,165899.0,777.7666745242435,161917.85714285713,5736.98252360797,161610.56666666668,5856.938212030632
2024-03-17,27.5,81,15.5,22.77,154211,28.8585,6,3,1,0,2,157785.0,152131.0,163361.33333333334,4872.195637834536,162237.57142857142,5373.623509238439,161636.93333333332,5837.185930019153
2024-03-18,27.5,81,14.4,23.84,166960,28.8585,0,3,0,0,2,154211.0,162708.0,159166.66666666666,5771.890013967164,162534.7142857143,4742.010534019719,161498.6,5965.267607374414
2024-03-19,27.9,80,14.9,22.86,168662,29.374,1,3,0,0,2,166960.0,165342.0,159652.0,6576.360467614323,163142.14285714287,5031.406742603416,162066.26666666666,5627.136013954606
2024-03-20,27.2,82,19.3,21.39,167458,28.4573,2,3,0,0,2,168662.0,165398.0,163277.66666666666,7897.944943675782,163616.42857142858,5415.181525338891,162739.53333333333,5129.893900451577
2024-03-21,27.1,81,17.8,21.04,167433,28.416700000000002,3,3,0,0,2,167458.0,166795.0,167693.33333333334,875.0641881221771,163910.7142857143,5581.55580802392,162881.96666666667,5201.50973099297
2024-03-22,27.5,79,15.2,22.69,166330,29.0015,4,3,0,0,2,167433.0,165504.0,167851.0,702.4578279160866,164001.85714285713,5641.392187174546,162964.5,5254.93918564554
2024-03-23,27.9,77,11.0,24.19,159323,29.5951,5,3,1,0,2,166330.0,157785.0,167073.66666666666,644.1555195245277,164119.85714285713,5686.507171323523,162981.63333333333,5265.384424406926
2024-03-24,28.4,78,13.8,25.08,157110,30.081899999999997,6,3,1,0,2,159323.0,154211.0,164362.0,4398.612622179928,164339.57142857142,5424.630336318232,162752.46666666667,5270.179554183955
2024-03-25,28.5,78,11.9,24.36,170220,30.194,0,3,0,0,2,157110.0,166960.0,160921.0,4813.242462207839,164753.7142857143,4565.045261340184,162468.63333333333,5338.985196635225
2024-03-26,28.8,77,16.4,24.22,171623,30.60895,1,3,0,0,2,170220.0,168662.0,162217.66666666666,7018.001591146441,165219.42857142858,4975.476253824311,162930.4,5391.868165788807
2024-03-27,28.3,79,13.0,22.01,171346,29.893900000000002,2,3,0,0,2,171623.0,167458.0,166317.66666666666,8004.8701634276385,165642.42857142858,5422.700890918572,163543.63333333333,5295.408840869597
2024-03-28,28.5,79,14.0,23.54,170464,30.117,3,3,0,0,2,171346.0,167433.0,171063.0,743.0807493138026,166197.85714285713,5823.93095851172,163677.76666666666,5443.314176083004
2024-03-29,28.4,79,16.1,23.06,158724,30.00545,4,3,0,1,2,170464.0,166330.0,171144.33333333334,605.2456801449315,166630.85714285713,6039.743439046951,163814.56666666668,5563.2958705864485
2024-03-30,28.0,81,17.3,21.92,160745,29.41075,5,3,1,0,2,158724.0,159323.0,166844.66666666666,7046.516964666589,165544.2857142857,6745.793966471516,163590.93333333332,5630.433785783992
2024-03-31,28.1,84,10.0,21.56,157250,29.2968,6,3,1,0,2,160745.0,157110.0,163311.0,6276.55693832221,165747.42857142858,6545.663904629457,163392.86666666667,5622.2726705145615
2024-04-01,27.5,87,10.9,21.89,169109,28.4295,0,4,0,0,2,157250.0,170220.0,158906.33333333334,1754.6197118846076,165767.42857142858,6515.016189724238,163036.46666666667,5662.697412153917
2024-04-02,27.8,87,9.4,23.25,172227,28.75095,1,4,0,0,2,169109.0,171623.0,162368.0,6093.813830434983,165608.7142857143,6401.002414055948,163402.63333333333,5689.188503331784
2024-04-03,27.6,88,10.1,22.87,172790,28.4646,2,4,0,0,2,172227.0,171346.0,166195.33333333334,7902.197310453212,165695.0,6498.909498266207,164084.9,5467.67846057924
2024-04-04,27.1,89,13.1,21.14,170229,27.8623,3,4,0,0,2,172790.0,170464.0,171375.33333333334,1982.7865072503146,165901.2857142857,6727.088218891568,164358.16666666666,5694.0716302037845
2024-04-05,27.9,85,9.3,23.7,168657,29.005499999999998,4,4,0,0,2,170229.0,158724.0,171748.66666666666,1345.8388957575398,165867.7142857143,6701.0590634179935,164591.0,5788.961183685171
2024-04-06,28.3,81,10.2,24.41,161260,29.7421,5,4,1,0,2,168657.0,160745.0,170558.66666666666,2086.128551488104,167286.7142857143,5945.273885315519,164747.96666666667,5834.587202745677
2024-04-07,28.0,84,9.7,21.73,158100,29.188,6,4,1,0,2,161260.0,157250.0,166715.33333333334,4789.393733379401,167360.2857142857,5853.304756410226,164585.13333333333,5862.353874266986
2024-04-08,27.4,88,11.8,20.2,169671,28.251399999999997,0,4,0,0,2,158100.0,169109.0,162672.33333333334,5418.3555008262365,167481.7142857143,5612.469145104299,164381.36666666667,5980.7779478029515
2024-04-09,27.8,86,11.5,22.67,170963,28.8241,1,4,0,0,2,169671.0,172227.0,163010.33333333334,5980.7825853590375,167562.0,5643.560519150929,164852.16666666666,5814.980796264634
2024-04-10,26.4,92,12.2,12.27,158596,26.923599999999997,2,4,0,1,2,170963.0,172790.0,166244.66666666666,7083.008706286754,167381.42857142858,5487.485546134368,165479.9,5395.715978505271
2024-04-11,26.9,87,17.2,12.48,166615,27.7866,3,4,0,0,2,158596.0,170229.0,166410.0,6797.886656895706,165353.7142857143,5770.972180209361,165342.83333333334,5519.36967967601
2024-04-12,25.0,95,12.8,3.06,162334,25.28875,4,4,0,0,2,166615.0,168657.0,165391.33333333334,6273.650638450789,164837.42857142858,5412.659446677151,165385.26666666666,5524.25435089123
2024-04-13,26.8,89,13.3,21.57,156340,27.544150000000002,5,4,1,0,2,162334.0,161260.0,162515.0,4012.562896703391,163934.14285714287,5192.106939979247,165283.13333333333,5552.263680843738
2024-04-14,26.5,91,9.7,13.09,154240,27.094,6,4,1,0,2,156340.0,158100.0,161763.0,5161.243745455227,163231.2857142857,5899.290288225604,164934.63333333333,5777.637188472132
2024-04-15,26.4,92,10.8,9.31,168358,26.923599999999997,0,4,0,0,2,154240.0,169671.0,157638.0,4200.215708746481,162679.85714285713,6597.908340995817,164559.16666666666,6096.560364797172
2024-04-16,26.3,92,8.4,12.92,166908,26.819200000000002,1,4,0,0,2,168358.0,170963.0,159646.0,7617.526370154599,162492.2857142857,6381.135131888407,164911.6,5996.231354374126
2024-04-17,26.5,93,10.9,16.94,166379,26.962,2,4,0,0,2,166908.0,158596.0,163168.66666666666,7766.366031377485,161913.0,5623.015827826968,165334.83333333334,5653.189219421373
2024-04-18,26.5,91,8.3,16.22,168420,27.094,3,4,0,0,2,166379.0,166615.0,167215.0,1024.5960179508788,163024.85714285713,5627.298417196453,165315.46666666667,5648.422933597387
2024-04-19,26.7,92,6.9,15.48,170518,27.2368,4,4,0,0,2,168420.0,162334.0,167235.66666666666,1059.2187372465328,163282.7142857143,5855.936210782422,165307.4,5643.649642099154
2024-04-20,26.4,93,10.2,14.83,160568,26.85815,5,4,1,0,2,170518.0,156340.0,168439.0,2069.5654133176868,164451.85714285713,6424.341326251261,165409.4,5711.107777076763
2024-04-21,26.9,90,10.0,20.53,157011,27.581999999999997,6,4,1,0,2,160568.0,154240.0,166502.0,5244.965967477845,165055.85714285713,5691.534310668111,165180.56666666668,5764.51411167371
2024-04-22,27.4,90,10.9,19.85,171114,28.109499999999997,0,4,0,0,2,157011.0,168358.0,162699.0,7001.116553807743,165451.7142857143,4847.704223452918,164869.93333333332,5948.586896429668
2024-04-23,28.0,88,10.1,22.29,172662,28.891,1,4,0,0,2,171114.0,166908.0,162897.66666666666,7334.450377044908,165845.42857142858,5220.653275121333,165262.96666666667,5958.970458887365
2024-04-24,27.4,88,12.6,18.86,172431,28.251399999999997,2,4,0,0,2,172662.0,166379.0,166929.0,8624.043077350721,166667.42857142858,5832.925562617268,165781.36666666667,5901.44111846592
2024-04-25,28.0,89,8.7,19.07,173223,28.81675,3,4,0,0,2,172431.0,168420.0,172069.0,835.0802356665461,167532.0,6218.8061823245835,165855.06666666668,5972.166527307553
2024-04-26,27.8,88,14.2,21.92,172998,28.6778,4,4,0,0,2,173223.0,170518.0,172772.0,407.29718879571715,168218.14285714287,6587.168016391768,165908.4,6032.293757139281
2024-04-27,27.7,89,9.9,21.19,164652,28.4986,5,4,1,0,2,172998.0,160568.0,172884.0,408.12130549739015,168572.42857142858,6794.897076902489,165963.46666666667,6090.898907292615
2024-04-28,27.7,89,15.2,21.02,159623,28.4986,6,4,1,0,2,164652.0,157011.0,170291.0,4884.812893039087,169155.85714285713,6136.501702341493,165769.73333333334,6034.9887919985285
2024-04-29,28.3,85,10.9,22.04,172767,29.4385,0,4,0,0,2,159623.0,171114.0,165757.66666666666,6755.703540959608,169529.0,5296.902868656589,165799.7,6000.932784677276
2024-04-30,28.4,87,13.3,20.17,175732,29.393849999999997,1,4,0,0,2,172767.0,172662.0,165680.66666666666,6632.103763764118,169765.14285714287,5414.8738806032425,166200.43333333332,6052.928317727562
2024-05-01,27.8,90,13.7,20.18,164320,28.5315,2,5,0,1,2,175732.0,172431.0,169374.0,8573.756877822048,170203.7142857143,5799.286499625913,166816.5,6051.088980079211
2024-05-02,27.3,90,11.5,16.53,172595,28.004,3,5,0,0,2,164320.0,173223.0,170939.66666666666,5921.384663516984,169045.0,6083.437953436892,166656.86666666667,6051.69434657569
2024-05-03,27.8,88,9.7,20.16,172600,28.6778,4,5,0,0,2,172595.0,172998.0,170882.33333333334,5895.62179361381,168955.2857142857,6015.8094416361355,166669.13333333333,6063.73521356583
2024-05-04,25.2,97,11.5,2.94,157405,25.376549999999998,5,5,1,0,2,172600.0,164652.0,169838.33333333334,4779.01750711735,168898.42857142858,5972.960652169431,166662.8,6057.217481137809
2024-05-05,27.9,85,14.1,20.83,154600,29.005499999999998,6,5,1,0,2,157405.0,159623.0,167533.33333333334,8771.394320935193,167863.14285714287,7310.056803895251,166235.33333333334,6246.416546962661
2024-05-06,28.5,84,12.9,22.4,172481,29.732,0,5,0,0,2,154600.0,172767.0,161535.0,9684.661842315449,167145.57142857142,8416.533586877284,165766.76666666666,6576.981126382319
2024-05-07,27.2,90,10.8,17.14,170079,27.8985,1,5,0,0,2,172481.0,175732.0,161495.33333333334,9616.686556882994,167104.7142857143,8385.333221648443,166140.8,6630.693251320814
2024-05-08,26.6,89,8.9,14.15,166956,27.332050000000002,2,5,0,0,2,170079.0,164320.0,165720.0,9704.802986150762,166297.14285714287,7656.52221809468,166540.1,6488.9519814257865
2024-05-09,28.4,81,10.9,23.33,169627,29.852549999999997,3,5,0,0,2,166956.0,172595.0,169838.66666666666,2770.329643442107,166673.7142857143,7607.741139003201,166449.6,6462.659768451903
2024-05-10,27.9,86,13.9,14.54,171308,28.9318,4,5,0,0,2,169627.0,172600.0,168887.33333333334,1687.7832601771022,166249.7142857143,7299.180221418634,166405.06666666668,6435.030107013414
2024-05-11,28.0,85,14.1,23.0,163143,29.11375,5,5,1,0,2,171308.0,157405.0,169297.0,2194.6869936281855,166065.14285714287,7126.123897990486,166828.8,6320.599864592314
2024-05-12,28.0,87,8.6,19.65,158639,28.96525,6,5,1,0,2,163143.0,154600.0,168026.0,4311.520265521284,166884.85714285713,6238.685423188925,166713.06666666668,6356.33564429986
2024-05-13,27.7,86,11.8,21.54,169332,28.7164,0,5,0,0,2,158639.0,172481.0,164363.33333333334,6422.055771583901,167461.85714285713,4971.135297177346,166589.9,6478.7352658397685
2024-05-14,27.6,84,13.3,21.99,168868,28.7528,1,5,0,0,2,169332.0,170079.0,163704.66666666666,5368.581221638934,167012.0,4567.314236323062,167022.96666666667,6198.104740819536
2024-05-15,28.4,85,9.9,22.38,171283,29.54675,2,5,0,0,2,168868.0,166956.0,165613.0,6044.115402604492,166839.0,4453.29278923505,167510.56666666668,5714.307112089225
2024-05-16,27.0,91,14.6,16.53,167806,27.61875,3,5,0,0,2,171283.0,169627.0,169827.66666666666,1281.5304652384227,167457.14285714287,4761.85613070252,167608.06666666668,5754.080380903126
2024-05-17,27.7,88,13.0,19.62,167539,28.571199999999997,4,5,0,0,2,167806.0,171308.0,169319.0,1781.8341673682426,167197.0,4672.4608790927705,167638.0,5752.648547439176
2024-05-18,27.3,90,16.6,14.53,160103,28.004,5,5,1,0,2,167539.0,163143.0,168876.0,2088.793670997899,166658.57142857142,4323.938207124856,167676.66666666666,5747.790761996076
2024-05-19,27.3,89,13.0,15.75,156700,28.0744,6,5,1,0,2,160103.0,158639.0,165149.33333333334,4372.291428225508,166224.2857142857,4855.833183373272,167399.43333333332,5909.0170527672435
2024-05-20,27.0,90,10.7,13.65,166834,27.6875,0,5,0,0,2,156700.0,169332.0,161447.33333333334,5543.140295296007,165947.2857142857,5386.913950004157,166938.83333333334,6189.439945046882
2024-05-21,27.2,90,13.1,14.36,168635,27.8985,1,5,0,0,2,166834.0,168868.0,161212.33333333334,5157.271985588341,165590.42857142858,5204.991093719785,167147.7,6071.642828019719
2024-05-22,27.1,91,11.4,15.29,157014,27.7237,2,5,0,1,2,168635.0,171283.0,164056.33333333334,6434.099030426425,165557.14285714287,5181.2286003912095,167535.16666666666,5765.641436836847
2024-05-23,26.9,91,9.2,12.37,167644,27.5138,3,5,0,0,2,157014.0,167806.0,164161.0,6254.646832555846,163518.7142857143,5356.993737606286,167065.16666666666,6032.372193558512
2024-05-24,26.6,92,9.2,9.19,164952,27.1324,4,5,0,0,2,167644.0,167539.0,164431.0,6442.393732146529,163495.57142857142,5335.692796539051,166897.9,5940.704343182889
2024-05-25,26.8,92,10.8,14.09,156899,27.3412,5,5,1,0,2,164952.0,160103.0,163203.33333333334,5526.53610621827,163126.0,5093.026179655698,166648.6,5856.837710951378
2024-05-26,27.6,89,9.8,16.25,154546,28.39255,6,5,1,0,2,156899.0,156700.0,163165.0,5590.955463961489,162668.2857142857,5534.7986628320605,166104.46666666667,5981.936670213477
2024-05-27,28.1,89,13.4,16.86,170845,28.922800000000002,0,5,0,0,2,154546.0,166834.0,158799.0,5456.9871724240675,162360.57142857142,5965.0684784312225,165489.4,6193.577216039358
2024-05-28,28.1,88,17.0,13.5,172193,28.997600000000002,1,5,0,0,2,170845.0,168635.0,160763.33333333334,8809.889575547135,162933.57142857142,6622.787853492885,165695.83333333334,6267.470298038049
2024-05-29,27.8,88,14.6,19.17,173578,28.6778,2,5,0,0,2,172193.0,157014.0,165861.33333333334,9822.517616850275,163441.85714285713,7240.9732639690765,166114.83333333334,6267.6547177494895
2024-05-30,28.1,87,16.6,20.79,173259,29.072400000000002,3,5,0,0,2,173578.0,167644.0,172205.33333333334,1366.5417422581431,165808.14285714287,7492.430078164093,166141.86666666667,6299.006450026795
2024-05-31,27.4,90,12.0,15.84,171162,28.109499999999997,4,5,0,0,2,173259.0,164952.0,173010.0,725.2978698442304,166610.2857142857,8004.789393736822,166059.43333333332,6184.3129057397955
2024-06-01,25.7,92,14.2,5.95,157966,26.1928,5,6,1,0,3,171162.0,156899.0,172666.33333333334,1312.518317332723,167497.42857142858,8133.459224239453,166287.5,6243.82780335421
2024-06-02,26.4,87,10.4,13.5,151974,27.25085,6,6,1,0,3,157966.0,154546.0,167462.33333333334,8290.634012748,167649.85714285713,7908.621401747281,165799.86666666667,6305.18506241268
2024-06-03,26.2,93,14.8,16.18,163968,26.65045,0,6,0,0,3,151974.0,170845.0,160367.33333333334,9816.803824735121,167282.42857142858,8644.402367179555,165112.33333333334,6653.070628034566
2024-06-04,27.0,89,9.8,18.42,167536,27.75625,1,6,0,0,3,163968.0,172193.0,157969.33333333334,5997.000694791867,166300.0,8562.432617738963,165331.1,6496.969746444424
2024-06-05,28.0,85,11.2,21.49,170103,29.11375,2,6,0,0,3,167536.0,173578.0,161159.33333333334,8152.325884883043,165634.7142857143,8201.56006936585,165762.3,6181.828025308561
2024-06-06,27.8,86,9.7,17.63,170291,28.8241,3,6,0,0,3,170103.0,173259.0,167202.33333333334,3081.0803841078214,165138.2857142857,7732.380244018255,165683.03333333333,6107.505797608678
2024-06-07,27.0,89,7.7,18.24,166260,27.75625,4,6,0,0,3,170291.0,171162.0,169310.0,1539.2020660071387,164714.2857142857,7281.07429606038,165690.1,6112.887800829063
2024-06-08,26.9,89,9.3,15.69,158372,27.650199999999998,5,6,1,0,3,166260.0,157966.0,168884.66666666666,2274.970842304129,164014.0,6775.786178247047,165666.9,6109.237371843131
2024-06-09,27.3,87,9.4,20.57,154467,28.2152,6,6,1,0,3,158372.0,151974.0,164974.33333333334,6062.618603650901,164072.0,6716.869087106256,165291.73333333334,6202.533769986526
2024-06-10,27.5,87,10.0,19.04,167733,28.4295,0,6,0,0,3,154467.0,163968.0,159699.66666666666,6007.55660259094,164428.14285714287,5995.894968741548,164730.36666666667,6398.266847672866
2024-06-11,27.9,83,7.5,22.11,168548,29.1529,1,6,0,0,3,167733.0,167536.0,160190.66666666666,6817.429892073259,164966.0,6115.4157122244915,164883.36666666667,6413.860381927361
2024-06-12,26.9,90,9.0,17.58,167229,27.581999999999997,2,6,0,0,3,168548.0,170103.0,163582.66666666666,7904.9092552245065,165110.57142857142,6197.706211632083,165213.66666666666,6335.872214040525
2024-06-13,27.1,88,9.1,20.22,167744,27.931600000000003,3,6,0,0,3,167229.0,170291.0,167836.66666666666,665.5827020995365,164700.0,5899.898134712944,165143.56666666668,6300.269571044016
2024-06-14,26.5,91,10.5,18.44,167378,27.094,4,6,0,0,3,167744.0,166260.0,167840.33333333334,664.7558449040685,164336.14285714287,5566.756968185968,165106.1,6280.668865929431
2024-06-15,27.0,89,11.4,16.68,158195,27.75625,5,6,1,0,3,167378.0,158372.0,167450.33333333334,265.0100627035274,164495.85714285713,5646.618558291924,164975.93333333332,6188.020617921614
2024-06-16,27.3,87,11.7,19.48,152163,28.2152,6,6,1,0,3,158195.0,154467.0,164439.0,5410.558289123294,164470.57142857142,5678.915766737869,164655.56666666668,6284.4885984211005
2024-06-17,26.6,89,17.3,20.44,154047,27.332050000000002,0,6,0,1,3,152163.0,167733.0,159245.33333333334,7661.68756432512,164141.42857142858,6378.963261040501,164143.03333333333,6657.167340457712
2024-06-18,26.2,91,13.0,15.49,167256,26.779149999999998,1,6,0,0,3,154047.0,168548.0,154801.66666666666,3086.000216029518,162186.2857142857,7145.94350463407,163941.16666666666,6872.2428908312595
2024-06-19,26.8,88,15.1,13.9,168306,27.611800000000002,2,6,0,0,3,167256.0,167229.0,157822.0,8224.210053251369,162001.7142857143,6968.7299109251,164293.03333333333,6757.992124187558
2024-06-20,26.9,87,12.2,17.83,169273,27.7866,3,6,0,0,3,168306.0,167744.0,163203.0,7946.689688165814,162155.57142857142,7113.754022013105,164342.1,6782.376840780172
2024-06-21,25.8,90,13.7,8.21,165114,26.4215,4,6,0,0,3,169273.0,167378.0,168278.33333333334,1008.7845822246716,162374.0,7334.0104535872,164363.36666666667,6797.2855864443845
2024-06-22,25.3,89,17.1,6.35,154445,25.953400000000002,5,6,1,0,3,165114.0,158195.0,167564.33333333334,2176.435694739042,162050.57142857142,7123.454191545078,164633.36666666667,6654.666262692872
2024-06-23,27.2,84,15.6,17.23,152582,28.3176,6,6,1,0,3,154445.0,152163.0,162944.0,7648.46853951828,161514.85714285713,7587.621002408123,164193.4,6881.220549312609
2024-06-24,27.6,83,14.8,20.01,168213,28.82485,0,6,0,0,3,152582.0,154047.0,157380.33333333334,6762.018362392567,161574.7142857143,7502.728164125115,163781.06666666668,7197.540920741824
2024-06-25,27.9,83,12.5,20.93,171648,29.1529,1,6,0,0,3,168213.0,167256.0,158413.33333333334,8537.727586034485,163598.42857142858,7029.4380727792595,164158.2,7120.5035873832185
2024-06-26,27.7,84,13.4,20.6,170041,28.8616,2,6,0,0,3,171648.0,168306.0,164147.66666666666,10162.346694210657,164225.85714285713,7584.4149725724,164728.26666666666,7008.120914626808
2024-06-27,26.0,92,12.5,16.61,169178,26.506,3,6,0,0,3,170041.0,169273.0,169967.33333333334,1718.6844775392417,164473.7142857143,7766.148674734779,164701.46666666667,6985.4236547820265
2024-06-28,26.9,87,8.4,19.59,168156,27.7866,4,6,0,0,3,169178.0,165114.0,170289.0,1253.5361981215342,164460.14285714287,7756.441010079732,164600.96666666667,6895.029286444413
2024-06-29,26.5,89,11.5,16.91,158609,27.226,5,6,1,0,3,168156.0,154445.0,169125.0,943.6169773806478,164894.7142857143,7883.359345572001,164420.23333333334,6720.459332020379
2024-06-30,25.6,90,13.4,6.75,151149,26.210500000000003,6,6,1,0,3,158609.0,152582.0,165314.33333333334,5829.4289886175275,165489.57142857142,7079.557633475567,163931.9,6586.991330096367
2024-07-01,26.1,88,9.7,13.19,161975,26.8656,0,7,0,0,3,151149.0,168213.0,159304.66666666666,8524.815325468015,165284.85714285713,7521.901918808751,163264.8,6838.135213638697
2024-07-02,26.5,89,11.2,13.64,166020,27.226,1,7,0,0,3,161975.0,171648.0,157244.33333333334,5540.514897853289,164393.7142857143,7486.612890447749,163398.43333333332,6769.845078874381
2024-07-03,27.6,86,14.8,18.03,168401,28.608700000000002,2,7,0,0,3,166020.0,170041.0,159714.66666666666,7688.854942924486,163589.7142857143,6853.11933147379,163866.63333333333,6429.650784121417
2024-07-04,28.2,81,15.9,20.06,168416,29.63165,3,7,0,0,3,168401.0,169178.0,165465.33333333334,3248.709025649164,163355.42857142858,6619.876908652145,164014.4,6482.780967753593
2024-07-05,26.8,89,7.9,19.16,167711,27.544150000000002,4,7,0,0,3,168416.0,168156.0,167612.33333333334,1379.021513006344,163246.57142857142,6513.5847492533685,164043.73333333334,6501.229660522442
2024-07-06,26.6,88,9.0,16.04,158077,27.398600000000002,5,7,1,0,3,167711.0,158609.0,168176.0,402.7716474641205,163183.0,6459.631852254317,163964.0,6438.721858600501
2024-07-07,26.5,88,7.8,17.64,153436,27.292,6,7,1,0,3,158077.0,151149.0,164734.66666666666,5776.473866757665,163107.0,6525.2125125029725,163556.86666666667,6410.955465577262
2024-07-08,25.8,91,12.2,15.18,163372,26.35935,0,7,0,0,3,153436.0,161975.0,159741.33333333334,7281.580208535388,163433.7142857143,5848.898349668367,163129.4,6647.668321325172
2024-07-09,26.4,87,12.4,15.02,163446,27.25085,1,7,0,0,3,163372.0,166020.0,158295.0,4971.5859642573805,163633.2857142857,5814.562629417595,163296.06666666668,6586.679336741923
2024-07-10,25.9,90,14.3,16.28,165510,26.526999999999997,2,7,0,0,3,163446.0,168401.0,160084.66666666666,5758.033113254417,163265.57142857142,5719.076349001299,163595.36666666667,6372.161012119327
2024-07-11,27.0,84,19.6,20.38,167071,28.1,3,7,0,0,3,165510.0,168416.0,164109.33333333334,1213.577081744043,162852.57142857142,5380.796962567293,163521.26666666666,6335.204674773349
2024-07-12,27.1,84,10.4,15.87,166391,28.208800000000004,4,7,0,0,3,167071.0,167711.0,165342.33333333334,1818.306996448721,162660.42857142858,5168.86231380179,163472.03333333333,6300.436687018775
2024-07-13,26.8,86,16.7,19.92,158162,27.7471,5,7,1,0,3,166391.0,158077.0,166324.0,782.6538187481248,162471.85714285713,4974.314070923104,163444.1,6285.0444562665625
2024-07-14,27.2,81,15.2,19.69,154798,28.52715,6,7,1,0,3,158162.0,153436.0,163874.66666666666,4958.983800471052,162484.0,4961.8858981903,163124.7,6302.44254867236
2024-07-15,27.6,79,17.0,21.33,167784,29.11305,0,7,0,0,3,154798.0,163372.0,159783.66666666666,5964.2069324709255,162678.57142857142,4558.237154029364,162705.36666666667,6426.965924824531
2024-07-16,27.7,79,17.0,20.19,169459,29.2246,1,7,0,0,3,167784.0,163446.0,160248.0,6739.628773159608,163308.85714285713,4957.635405061106,163025.0,6433.358601582619
2024-07-17,27.8,82,18.1,17.97,171099,29.1167,2,7,0,0,3,169459.0,165510.0,164013.66666666666,8024.8233833109525,164167.85714285713,5478.886365815028,163601.53333333333,6197.0420515364885
2024-07-18,28.1,81,20.2,21.16,172606,29.5212,3,7,0,0,3,171099.0,167071.0,169447.33333333334,1657.5307940832652,164966.2857142857,6081.2026144574165,164169.93333333332,6071.207111317491
2024-07-19,27.6,82,16.6,20.87,172167,28.896900000000002,4,7,0,0,3,172606.0,166391.0,171054.66666666666,1573.9683393684572,165757.0,6726.130140478527,164348.26666666666,6241.177076942587
2024-07-20,28.2,82,20.7,20.09,164157,29.5563,5,7,1,0,3,172167.0,158162.0,171957.33333333334,775.0692442190626,166582.14285714287,7157.339809094066,164476.96666666667,6364.200724437133
2024-07-21,28.2,80,20.9,15.91,160674,29.707,6,7,1,0,3,164157.0,154798.0,169643.33333333334,4756.371551228346,167438.57142857142,6287.7301377920385,164306.43333333332,6299.470337249911
2024-07-22,28.4,81,16.9,13.78,174390,29.852549999999997,0,7,0,0,3,160674.0,167784.0,165666.0,5893.222632821624,168278.0,4439.523247675267,164158.43333333332,6331.916301336647
2024-07-23,28.3,83,15.6,20.3,176014,29.590300000000003,1,7,0,0,3,174390.0,169459.0,166407.0,7129.448716415669,169221.7142857143,4985.554657014202,164823.26666666666,6323.944169383389
2024-07-24,28.3,81,18.4,21.35,174707,29.7421,2,7,0,0,3,176014.0,171099.0,170359.33333333334,8426.957062506865,170158.14285714287,5613.600788219877,165604.33333333334,6205.830891788691
2024-07-25,28.2,78,19.9,21.64,173103,29.857699999999998,3,7,0,0,3,174707.0,172606.0,175037.0,860.8246046674798,170673.57142857142,5873.986518457943,165820.8,6409.8669597260005
2024-07-26,28.5,77,21.3,22.13,173548,30.271,4,7,0,0,3,173103.0,172167.0,174608.0,1458.0229764996582,170744.57142857142,5904.163244611851,165869.3,6460.781014761098
2024-07-27,28.7,76,20.6,22.71,164870,30.5744,5,7,1,0,3,173548.0,164157.0,173786.0,828.0621957322547,170941.85714285713,5982.172387700643,165986.2,6569.675457265829
2024-07-28,28.8,75,20.7,22.32,161534,30.76625,6,7,1,0,3,164870.0,160674.0,170507.0,4886.853077390492,171043.7142857143,5852.048892317341,165842.6,6544.537388356335
2024-07-29,28.2,78,15.1,20.39,174420,29.857699999999998,0,7,0,0,3,161534.0,174390.0,166650.66666666666,6201.7843668846,171166.57142857142,5601.739189962178,165621.86666666667,6575.420892433522
2024-07-30,28.4,79,14.3,20.41,175205,30.00545,1,7,0,0,3,174420.0,176014.0,166941.33333333334,6688.053927214861,171170.85714285713,5604.627089245187,166148.9,6627.379376756418
2024-07-31,27.3,83,15.8,18.73,172946,28.4968,2,7,0,0,3,175205.0,174707.0,170386.33333333334,7676.386541422603,171055.2857142857,5495.389695439195,166950.76666666666,6190.840863635511
2024-08-01,26.7,86,17.3,19.92,170527,27.6394,3,8,0,0,3,172946.0,173103.0,174190.33333333334,1146.8785172519408,170803.7142857143,5338.423822135123,167316.46666666667,6210.783951480122
2024-08-02,27.3,84,16.5,19.96,171064,28.4264,4,8,0,0,3,170527.0,173548.0,172892.66666666666,2339.455990894891,170435.7142857143,5241.413636104339,167466.7,6232.8132749745355
2024-08-03,27.4,83,14.3,20.53,163001,28.60615,5,8,1,0,3,171064.0,164870.0,171512.33333333334,1270.2922235981694,170080.85714285713,5077.096559665749,167555.46666666667,6265.455768068146
2024-08-04,26.4,87,18.3,20.07,156141,27.25085,6,8,1,0,3,163001.0,161534.0,168197.33333333334,4508.15952838118,169813.85714285713,5433.4424149125125,167374.96666666667,6317.592800423519
2024-08-05,26.4,84,13.6,19.29,166437,27.4472,0,8,0,0,3,156141.0,174420.0,163402.0,7469.5771634009325,169043.42857142858,6968.618295785925,166989.3,6641.235630514003
2024-08-06,27.5,79,15.3,20.8,168670,29.0015,1,8,0,0,3,166437.0,175205.0,161859.66666666666,5242.030649789648,167903.0,6584.7266964279015,167267.96666666667,6426.2945857086115
2024-08-07,27.2,81,18.7,16.63,169218,28.52715,2,8,0,0,3,168670.0,172946.0,163749.33333333334,6682.935308181131,166969.42857142858,5792.523193942898,167775.76666666666,5873.749819637158
2024-08-08,28.1,79,13.6,21.27,169793,29.6708,3,8,0,0,3,169218.0,170527.0,168108.33333333334,1473.1233259079067,166436.85714285713,5302.062348072086,167970.63333333333,5819.334174992827
2024-08-09,27.2,84,18.4,16.81,158043,28.3176,4,8,0,1,3,169793.0,171064.0,169227.0,561.5540935659069,166332.0,5214.221769991511,168182.2,5764.279889828877
2024-08-10,26.0,90,13.9,17.15,155506,26.6325,5,8,1,0,3,158043.0,163001.0,165684.66666666666,6624.119438335476,164471.85714285713,5556.129181019916,167933.3,6038.339987401984
2024-08-11,26.3,89,12.1,10.45,153094,27.0139,6,8,1,0,3,155506.0,156141.0,161114.0,7622.524057029964,163401.14285714287,6524.589372227441,167547.8,6450.396568402935
2024-08-12,27.0,84,12.7,18.38,168085,28.1,0,8,0,0,3,153094.0,166437.0,155547.66666666666,2474.763086304194,162965.85714285713,7160.339876210545,167104.56666666668,6968.652309640112
2024-08-13,27.7,80,19.8,20.61,170228,29.151999999999997,1,8,0,0,3,168085.0,168670.0,158895.0,8049.628003827289,163201.2857142857,7318.829681359934,167435.33333333334,6761.990343257519
2024-08-14,26.4,88,16.8,15.18,167959,27.185399999999998,2,8,0,0,3,170228.0,169218.0,163802.33333333334,9335.385066152001,163423.85714285713,7533.400282045059,167949.66666666666,6341.357188214152
2024-08-15,26.5,89,14.8,17.73,167413,27.226,3,8,0,0,3,167959.0,169793.0,168757.33333333334,1275.1918809864335,163244.0,7385.590791082759,167955.5,6341.280028240457
2024-08-16,26.7,86,15.0,17.53,168462,27.6394,4,8,0,0,3,167413.0,158043.0,168533.33333333334,1492.7994953555287,162904.0,7082.415642514012,167887.3,6335.552111858798
2024-08-17,27.2,85,15.8,19.97,160328,28.24775,5,8,1,0,3,168462.0,155506.0,167944.66666666666,524.6468653615854,164392.42857142858,6984.718721540495,167799.4,6307.687885048042
2024-08-18,27.0,85,13.5,19.82,157253,28.03125,6,8,1,0,3,160328.0,153094.0,165401.0,4424.5448353475185,165081.2857142857,6150.163567316816,167390.13333333333,6382.936048740261
2024-08-19,26.9,87,12.5,21.59,170838,27.7866,0,8,0,0,3,157253.0,168085.0,162014.33333333334,5791.650052734002,165675.42857142858,4865.920086242911,166893.0,6575.930709007192
2024-08-20,25.9,90,13.7,16.73,169619,26.526999999999997,1,8,0,0,3,170838.0,170228.0,162806.33333333334,7123.528503019677,166068.7142857143,5193.368582922106,167115.7,6593.184951406801
2024-08-21,26.4,85,12.5,19.29,166251,27.38175,2,8,0,0,3,169619.0,167959.0,165903.33333333334,7516.161941665022,165981.7142857143,5116.612672274749,167413.86666666667,6493.329355542448
2024-08-22,27.0,85,11.2,20.51,169038,28.03125,3,8,0,0,3,166251.0,167413.0,168902.66666666666,2375.9192606933498,165737.7142857143,5046.854720656855,167142.56666666668,6360.476476857101
2024-08-23,26.6,87,11.6,20.91,170757,27.46515,4,8,0,0,3,169038.0,168462.0,168302.66666666666,1800.3867177175089,165969.85714285713,5172.564271504461,166910.03333333333,6148.9622196082455
2024-08-24,25.0,91,13.2,10.05,157223,25.51975,5,8,1,0,3,170757.0,160328.0,168682.0,2273.996701844636,166297.7142857143,5423.499107717753,166778.36666666667,6017.127092486494
2024-08-25,25.5,88,13.7,17.05,153308,26.226,6,8,1,0,3,157223.0,157253.0,165672.66666666666,7367.929853991116,165854.14285714287,6080.319575716779,166249.03333333333,6138.816484180386
2024-08-26,26.6,84,13.6,20.36,167415,27.664800000000003,0,8,0,0,3,153308.0,170838.0,160429.33333333334,9155.72664147055,165290.57142857142,7106.622143163575,165574.36666666667,6414.980159527687
2024-08-27,26.2,88,15.4,19.62,169516,26.9722,1,8,0,0,3,167415.0,169619.0,159315.33333333334,7282.530901639457,164801.57142857142,6771.137960912018,165659.2,6422.168075207501
2024-08-28,26.5,84,13.5,18.51,166920,27.556,2,8,0,0,3,169516.0,166251.0,163413.0,8814.012650319957,164786.85714285713,6759.02555670416,165925.26666666666,6410.70475405676
2024-08-29,26.2,84,17.1,17.88,166742,27.229599999999998,3,8,0,0,3,166920.0,169038.0,167950.33333333334,1378.3106809908932,164882.42857142858,6787.847053303201,165675.26666666666,6211.143844532888
2024-08-30,27.4,82,17.6,19.17,168716,28.6771,4,8,0,0,3,166742.0,170757.0,167726.0,1552.738226489012,164554.42857142858,6606.629873521312,165393.16666666666,5950.095966096207
2024-08-31,27.2,85,13.0,21.26,162739,28.24775,5,8,1,0,3,168716.0,157223.0,167459.33333333334,1091.938337697494,164262.85714285713,6326.360681796522,165252.16666666666,5813.495352423597
2024-09-01,26.8,87,11.4,20.24,160620,27.67945,6,9,1,0,4,162739.0,153308.0,166065.66666666666,3045.3575050121026,165050.85714285713,5605.844879187506,164992.56666666668,5743.2884169469235
2024-09-02,28.1,83,15.5,20.85,174383,29.3716,0,9,0,0,4,160620.0,167415.0,164025.0,4198.410532570654,166095.42857142858,3231.4309450099613,164644.43333333332,5678.746296094652
2024-09-03,26.8,89,14.0,20.54,174099,27.544150000000002,1,9,0,0,4,174383.0,169516.0,165914.0,7410.500050603886,167090.85714285713,4521.41756637329,165023.83333333334,5939.398269089001
2024-09-04,25.9,89,15.1,17.43,167486,26.589699999999997,2,9,0,0,4,174099.0,166920.0,169700.66666666666,7865.369942560462,167745.57142857142,5210.430144018649,165622.43333333332,5918.181702839444
2024-09-05,27.1,85,14.4,22.05,168050,28.1395,3,9,0,0,4,167486.0,166742.0,171989.33333333334,3902.5853396605776,167826.42857142858,5199.864384676911,165657.4,5926.253823978047
2024-09-06,27.5,85,13.7,18.16,170370,28.5725,4,9,0,0,4,168050.0,168716.0,169878.33333333334,3666.066602413777,168013.2857142857,5177.855531467185,165636.73333333334,5916.4586619749225
2024-09-07,28.4,78,21.3,20.83,162785,30.081899999999997,5,9,1,0,4,170370.0,162739.0,168635.33333333334,1528.5042797891392,168249.57142857142,5252.469351238259,165675.13333333333,5944.177433499702
2024-09-08,27.7,83,11.3,17.58,157219,28.9342,6,9,1,0,4,162785.0,160620.0,167068.33333333334,3886.619139217752,168256.14285714287,5244.448602364227,165441.53333333333,5914.39824515615
2024-09-09,26.6,89,11.9,17.84,167355,27.332050000000002,0,9,0,0,4,157219.0,174383.0,163458.0,6601.279951645773,167770.2857142857,6149.26677781553,165414.06666666668,5951.737555239145
2024-09-10,26.6,87,12.8,13.4,166324,27.46515,1,9,0,0,4,167355.0,174099.0,162453.0,5076.149327984787,166766.2857142857,5420.166839813546,165809.03333333333,5657.432386317565
2024-09-11,27.0,87,10.5,21.12,167595,27.89375,2,9,0,0,4,166324.0,167486.0,163632.66666666666,5578.268578451002,165655.57142857142,4360.052861189742,166250.03333333333,5122.460289026352
2024-09-12,26.4,88,15.1,18.25,165641,27.185399999999998,3,9,0,0,4,167595.0,168050.0,167091.33333333334,675.2779674577034,165671.14285714287,4367.867192293245,166233.7,5117.186094680792
2024-09-13,27.2,84,14.2,21.53,168112,28.3176,4,9,0,0,4,165641.0,170370.0,166520.0,991.6355177183176,165327.0,4242.296744294908,166080.8,5061.953149009449
2024-09-14,26.5,86,18.3,15.47,157112,27.424,5,9,1,0,4,168112.0,162785.0,167116.0,1303.280859983939,165004.42857142858,3863.9034605396205,166085.9,5063.987384565896
2024-09-15,26.6,87,16.6,16.96,152886,27.46515,6,9,1,0,4,157112.0,157219.0,163621.66666666666,5771.332630626463,164194.0,4870.75463010171,165742.53333333333,5313.962562866608
2024-09-16,27.0,85,14.2,19.61,167078,28.03125,0,9,0,0,4,152886.0,167355.0,159370.0,7860.133077753863,163575.0,6039.917438728644,165223.33333333334,5779.618280757936
2024-09-17,27.1,84,20.6,17.57,167603,28.208800000000004,1,9,0,0,4,167078.0,166324.0,159025.33333333334,7286.895726805325,163535.42857142858,6011.8669273672995,165448.33333333334,5713.48189830913
2024-09-18,27.4,82,19.6,22.0,165170,28.6771,2,9,0,0,4,167603.0,167595.0,162522.33333333334,8349.436887199858,163718.14285714287,6129.037157350404,165793.33333333334,5510.431288793413
2024-09-19,27.3,83,15.8,20.56,168030,28.4968,3,9,0,0,4,165170.0,165641.0,166617.0,1280.3370649950887,163371.7142857143,5938.972377840631,165604.4,5428.055297917369
2024-09-20,27.9,83,15.5,20.22,169299,29.1529,4,9,0,0,4,168030.0,168112.0,166934.33333333334,1542.8014562261612,163713.0,6155.79664489697,165551.43333333332,5395.183367076153
2024-09-21,26.7,89,10.2,9.04,157489,27.4381,5,9,1,0,4,169299.0,157112.0,167499.66666666666,2114.970527769496,163882.57142857142,6311.549040109366,165653.03333333333,5437.346237118467
2024-09-22,27.9,82,10.1,23.08,157022,29.226599999999998,6,9,1,0,4,157489.0,152886.0,164939.33333333334,6483.300882523782,163936.42857142858,6245.407935892205,165268.06666666668,5595.949119419641
2024-09-23,28.2,84,11.7,20.88,171537,29.4056,0,9,0,0,4,157022.0,167078.0,161270.0,6957.237454622369,164527.2857142857,5119.965615582969,164810.23333333334,5692.419749004549
2024-09-24,26.3,90,13.0,19.58,166672,26.949,1,9,0,0,4,171537.0,167603.0,162016.0,8248.733417925467,165164.2857142857,5731.111809362773,165287.36666666667,5634.130073801348
2024-09-25,26.3,90,10.5,18.67,163768,26.949,2,9,0,0,4,166672.0,165170.0,165077.0,7387.782143512378,165031.2857142857,5675.61901805295,165732.83333333334,5162.924846564392
2024-09-26,24.9,89,16.2,7.25,160135,25.5292,3,9,0,0,4,163768.0,168030.0,167325.66666666666,3925.531853562476,164831.0,5694.613770923314,165611.26666666666,5164.886512312242
2024-09-27,26.5,84,13.9,19.29,163394,27.556,4,9,0,0,4,160135.0,169299.0,163525.0,3275.2677753124685,163703.14285714287,5737.103491848646,165298.56666666668,5204.15829547631
2024-09-28,26.7,87,19.9,20.78,158466,27.5723,5,9,1,0,4,163394.0,157489.0,162432.33333333334,1998.3178759480718,162859.57142857142,5184.701883333369,165181.03333333333,5206.092415645041
2024-09-29,26.2,91,10.6,17.25,155782,26.779149999999998,6,9,1,0,4,158466.0,157022.0,160665.0,2506.386043689258,162999.14285714287,5026.776184545769,164905.16666666666,5338.1209795171035
2024-09-30,26.6,88,9.5,17.59,166256,27.398600000000002,0,9,0,0,4,155782.0,171537.0,159214.0,3860.7336090437902,162822.0,5287.597595631345,164474.03333333333,5538.280490545792
2024-10-01,26.2,89,12.1,18.57,164345,26.90785,1,10,0,0,4,166256.0,166672.0,160168.0,5440.475346879194,162067.57142857142,4074.496363851862,164591.26666666666,5537.510731263356
2024-10-02,26.6,89,12.6,18.39,166676,27.332050000000002,2,10,0,0,4,164345.0,163768.0,162127.66666666666,5577.956107153735,161735.14285714287,3715.316963981968,164715.43333333332,5486.924568421425
2024-10-03,26.4,89,11.2,17.46,167221,27.11995,3,10,0,0,4,166676.0,160135.0,165759.0,1242.4359138403695,162150.57142857142,4120.9419577375575,164458.53333333333,5191.126193229085
2024-10-04,25.5,92,12.0,16.26,165512,25.983999999999998,4,10,0,0,4,167221.0,163394.0,166080.66666666666,1527.6322637774106,163162.85714285713,4403.911837921225,164229.26666666666,4894.055760666361
2024-10-05,25.7,91,12.0,16.02,156356,26.2544,5,10,1,0,4,165512.0,158466.0,166469.66666666666,872.9835813654811,163465.42857142858,4494.271088734996,164163.46666666667,4861.9241099157925
2024-10-06,25.8,89,14.0,12.79,151808,26.48365,6,10,1,0,4,156356.0,155782.0,163029.66666666666,5842.39166209641,163164.0,4934.648079312133,163773.66666666666,5006.216647973009
2024-10-07,26.7,86,13.9,22.17,165303,27.6394,0,10,0,0,4,151808.0,166256.0,157892.0,6979.926647179058,162596.2857142857,6032.04257042521,163154.93333333332,5301.218421648711
2024-10-08,26.6,88,14.5,19.16,166387,27.398600000000002,1,10,0,0,4,165303.0,164345.0,157822.33333333334,6865.956330572862,162460.14285714287,5945.814702476369,163238.86666666667,5315.074792566842
2024-10-09,26.3,90,14.1,21.08,166034,26.949,2,10,0,0,4,166387.0,166676.0,161166.0,8122.369543427596,162751.85714285713,6101.749951955057,163544.46666666667,5219.726474095447
2024-10-10,26.4,89,12.4,19.38,166827,27.11995,3,10,0,0,4,166034.0,167221.0,165908.0,552.8752119603628,162660.14285714287,6037.422171439043,163500.43333333332,5191.970702081186
2024-10-11,26.9,86,11.2,22.03,167637,27.854799999999997,4,10,0,0,4,166827.0,165512.0,166416.0,397.29460102072375,162603.85714285713,5989.46161822445,163517.2,5202.2054898500255
2024-10-12,26.1,91,9.3,16.36,157296,26.674200000000003,5,10,1,0,4,167637.0,156356.0,166832.66666666666,801.5150237728269,162907.42857142858,6211.173342107515,163518.6,5203.346261517336
2024-10-13,26.4,89,12.4,21.69,152633,27.11995,6,10,1,0,4,157296.0,151808.0,163920.0,5750.8309834318925,163041.7142857143,6054.099594882329,163240.43333333332,5307.978462416366
2024-10-14,25.3,92,10.1,8.46,161618,25.7752,0,10,0,0,4,152633.0,165303.0,159188.66666666666,7678.974171940775,163159.57142857142,5801.7310019544875,162724.46666666667,5564.243163415251
2024-10-15,25.8,87,14.0,18.06,162461,26.607950000000002,1,10,0,0,4,161618.0,166387.0,157182.33333333334,4493.578343963019,162633.14285714287,5741.700718676514,162874.66666666666,5467.493098451386
2024-10-16,26.5,87,11.4,13.3,163770,27.358,2,10,0,0,4,162461.0,166034.0,158904.0,5447.177526022086,162072.2857142857,5500.591292890515,163193.83333333334,5133.5696398443
2024-10-17,26.5,89,16.4,18.3,163425,27.226,3,10,0,0,4,163770.0,166827.0,162616.33333333334,1084.376472141209,161748.85714285713,5291.405592359383,163083.56666666668,5082.536141862437
2024-10-18,26.3,90,8.5,17.28,163548,26.949,4,10,0,0,4,163425.0,167637.0,163218.66666666666,678.4543708558509,161262.85714285713,4888.121432907853,162944.3,5011.16848614733
2024-10-19,26.4,89,9.7,20.79,156035,27.11995,5,10,1,0,4,163548.0,157296.0,163581.0,174.8513654510044,160678.7142857143,4194.560116558794,162890.23333333334,4995.05098302238
2024-10-20,26.4,88,9.9,11.23,149017,27.185399999999998,6,10,1,0,4,156035.0,152633.0,161002.66666666666,4302.5650876347445,160498.57142857142,4386.725690730135,162490.4,5049.228405376313
2024-10-21,27.6,81,9.6,22.71,164944,28.96895,0,10,0,0,4,149017.0,161618.0,156200.0,7266.905049606747,159982.0,5530.996293616416,161814.33333333334,5448.220230328797
2024-10-22,27.8,86,7.4,21.41,170514,28.8241,1,10,0,0,4,164944.0,162461.0,156665.33333333334,7982.187816215132,160457.14285714287,5829.753323213721,162062.83333333334,5414.042228051956
2024-10-23,27.3,86,10.4,22.51,171725,28.285600000000002,2,10,0,0,4,170514.0,163770.0,161491.66666666666,11156.57681967607,161607.57142857142,6973.4815995342715,162512.56666666668,5539.787620001016
2024-10-24,27.3,85,10.5,21.95,171411,28.356,3,10,0,0,4,171725.0,163425.0,169061.0,3616.4757706917007,162744.0,7962.648721792262,162518.83333333334,5550.444257356962
2024-10-25,26.7,88,13.9,19.72,170482,27.5052,4,10,0,0,4,171411.0,163548.0,171216.66666666666,628.4539229995029,163884.85714285713,8621.338748101416,162676.8,5737.0205615931
2024-10-26,27.6,83,16.0,22.12,162130,28.82485,5,10,1,0,4,170482.0,156035.0,171206.0,646.3598069188221,164875.42857142858,8967.58133235323,162900.6,5909.4214058339485
2024-10-27,28.0,84,17.5,23.52,160567,29.188,6,10,1,0,4,162130.0,149017.0,168007.66666666666,5111.358364792419,165746.14285714287,8231.871869518984,162967.1,5888.414085128139
2024-10-28,27.8,86,17.0,21.55,173732,28.8241,0,10,0,0,4,160567.0,164944.0,164393.0,5330.823857528972,167396.14285714287,4734.344144247941,162872.86666666667,5903.94675551519
2024-10-29,27.5,88,13.0,20.43,175546,28.358,1,10,0,0,4,173732.0,170514.0,165476.33333333334,7192.201772290134,168651.57142857142,5124.8001865792585,163381.73333333334,6163.219534455185
2024-10-30,28.0,86,12.4,22.46,173101,29.0395,2,10,0,0,4,175546.0,171725.0,169948.33333333334,8174.94405689319,169370.42857142858,5744.978643914009,164040.53333333333,6375.507794426051
2024-10-31,26.9,88,12.8,20.03,160416,27.7184,3,10,0,1,4,173101.0,171411.0,174126.33333333334,1269.3030896256478,169567.0,5861.333067938844,164268.7,6576.834613063657
2024-11-01,27.3,87,13.0,20.74,168934,28.2152,4,11,0,0,4,160416.0,170482.0,169687.66666666666,8122.029200472819,167996.2857142857,6698.281041039188,164137.73333333334,6614.2759915171255
2024-11-02,26.0,90,15.7,15.95,158001,26.6325,5,11,1,0,4,168934.0,162130.0,167483.66666666666,6465.671375296854,167775.14285714287,6627.71977954515,164213.0,6656.866260771582
2024-11-03,26.8,87,11.5,20.93,153460,27.67945,6,11,1,0,4,158001.0,160567.0,162450.33333333334,5743.388053521467,167185.2857142857,7357.43079510413,163905.66666666666,6725.6827641276495
2024-11-04,25.4,90,12.3,15.13,163268,25.999499999999998,0,11,0,0,4,153460.0,173732.0,160131.66666666666,7953.991094622438,166170.0,8776.45385866752,163503.93333333332,6981.501186922024
2024-11-05,26.5,86,11.7,22.04,166391,27.424,1,11,0,0,4,163268.0,175546.0,158243.0,4908.476240138038,164675.14285714287,8141.994318112736,163734.33333333334,6850.294719727891
2024-11-06,25.8,90,12.6,17.47,165679,26.4215,2,11,0,0,4,166391.0,173101.0,161039.66666666666,6747.354469222217,163367.2857142857,6715.003442894678,164220.43333333332,6482.340066425668
2024-11-07,25.9,90,11.7,21.51,166180,26.526999999999997,3,11,0,0,4,165679.0,160416.0,165112.66666666666,1636.7138825503628,162307.0,5373.965264742683,164232.96666666667,6484.8683366498735
2024-11-08,25.6,88,10.8,19.38,166292,26.332600000000003,4,11,0,0,4,166180.0,168934.0,166083.33333333334,365.7107235686359,163130.42857142858,5476.54120947156,164226.06666666668,6482.607111411694
2024-11-09,26.4,90,8.8,18.66,158580,27.054499999999997,5,11,1,0,4,166292.0,158001.0,166050.33333333334,326.42354898673545,162753.0,5087.107036419948,164234.66666666666,6485.258861892335
2024-11-10,26.1,91,10.1,15.39,153608,26.674200000000003,6,11,1,0,4,158580.0,153460.0,163684.0,4420.548382271113,162835.7142857143,5000.941268543527,163959.76666666666,6546.088211651158
2024-11-11,26.0,90,9.5,20.05,166718,26.6325,0,11,0,0,4,153608.0,163268.0,159493.33333333334,6391.134275958621,162856.85714285713,4954.796411174089,163492.13333333333,6771.5516875732665
2024-11-12,26.0,90,11.1,19.99,168101,26.6325,1,11,0,0,4,166718.0,166391.0,159635.33333333334,6618.407764208332,163349.7142857143,5169.446672977104,163806.2,6692.297339685683
2024-11-13,25.8,89,8.1,16.45,165990,26.48365,2,11,0,0,4,168101.0,165679.0,162809.0,7998.248120682416,163594.0,5373.494238698408,164321.8,6390.855737855063
2024-11-14,26.5,88,5.7,20.66,165445,27.292,3,11,0,0,4,165990.0,166180.0,166936.33333333334,1072.3023516402134,163638.42857142858,5394.8496382234025,164467.53333333333,6376.9068425191135
2024-11-15,26.3,89,7.4,18.57,166954,27.0139,4,11,0,0,4,165445.0,166292.0,166512.0,1402.8353431532144,163533.42857142858,5344.052078623429,164567.0,6367.795434030639
2024-11-16,25.9,91,8.1,14.7,157597,26.464299999999998,5,11,1,0,4,166954.0,158580.0,166129.66666666666,764.1337143021083,163628.0,5406.498281388633,164673.13333333333,6380.574975352797
2024-11-17,26.0,90,9.5,17.59,152190,26.6325,6,11,1,0,4,157597.0,153608.0,163332.0,5023.63802438032,163487.57142857142,5569.768961609282,164478.86666666667,6507.34866679745
2024-11-18,25.3,92,15.7,13.98,163320,25.7752,0,11,0,0,4,152190.0,166718.0,158913.66666666666,7469.546996527506,163285.0,5998.2761412474965,164100.26666666666,6882.941446861601
2024-11-19,24.4,97,8.4,7.06,163167,24.56335,1,11,0,0,4,163320.0,168101.0,157702.33333333334,5565.747598780687,162799.57142857142,5808.6451333945,164343.1,6715.044495449608
2024-11-20,25.0,93,13.9,10.81,162015,25.40425,2,11,0,0,4,163167.0,165990.0,159559.0,6382.199699163264,162094.7142857143,5338.449266540177,164814.76666666666,6067.103613259752
2024-11-21,25.6,92,9.1,14.69,163442,26.0884,3,11,0,0,4,162015.0,165445.0,162834.0,713.3883935134194,161526.85714285713,5059.152018160072,164717.13333333333,6088.481678877701
2024-11-22,25.7,92,10.8,13.22,163609,26.1928,4,11,0,0,4,163442.0,166954.0,162874.66666666666,757.0840992472333,161240.7142857143,4853.055728585701,164481.4,5992.44887251125
2024-11-23,26.0,90,8.5,19.76,155012,26.6325,5,11,1,0,4,163609.0,157597.0,163022.0,876.0759099528186,160762.85714285713,4333.620712082225,164210.86666666667,5835.295558707986
2024-11-24,26.1,90,9.4,17.22,152906,26.738000000000003,6,11,1,0,4,155012.0,152190.0,160687.66666666666,4915.980709210824,160393.57142857142,4739.4921266994315,163664.23333333334,5905.235962370145
2024-11-25,26.6,89,7.9,18.62,164709,27.332050000000002,0,11,0,0,4,152906.0,163320.0,157175.66666666666,5670.065461115321,160495.85714285713,4536.309418773725,163078.36666666667,6074.9428575907705
2024-11-26,26.0,91,11.4,16.65,163908,26.56925,1,11,0,0,4,164709.0,163167.0,157542.33333333334,6295.207886427008,160694.2857142857,4707.578843888465,163164.33333333334,6079.305906010593
2024-11-27,24.5,97,11.7,6.84,161246,24.665,2,11,0,0,4,163908.0,162015.0,160507.66666666666,6595.407669987717,160800.14285714287,4780.219570569392,163275.7,6060.657959900178
2024-11-28,25.2,94,7.4,13.59,160900,25.5531,3,11,0,0,4,161246.0,163442.0,163287.66666666666,1812.926455577514,160690.2857142857,4756.424172081333,162859.5,5737.969337726893
2024-11-29,24.4,98,8.9,5.27,158966,24.508899999999997,4,11,0,0,4,160900.0,163609.0,162018.0,1645.9052220585193,160327.14285714287,4605.980982323113,162371.3,5221.132960350553
2024-11-30,26.8,83,7.3,18.37,151707,27.95005,5,11,1,0,4,158966.0,155012.0,160370.66666666666,1228.7169459777247,159663.85714285713,4383.545993392806,161900.13333333333,4843.610499541388
2024-12-01,26.3,89,12.2,16.1,151432,27.0139,6,12,1,0,1,151707.0,152906.0,157191.0,4846.728896895254,159191.7142857143,5089.273383443763,161609.83333333334,5184.610550222084
2024-12-02,25.9,91,8.7,15.49,163164,26.464299999999998,0,12,0,0,1,151432.0,164709.0,154035.0,4272.584346739042,158981.14285714287,5412.898189466045,161026.43333333332,5315.104103715708
2024-12-03,25.8,91,6.4,12.98,163780,26.35935,1,12,0,0,1,163164.0,163908.0,155434.33333333334,6695.499707514949,158760.42857142858,5166.2969283987495,161198.53333333333,5297.3220608241645
2024-12-04,26.4,86,9.2,10.54,163839,27.3163,2,12,0,0,1,163780.0,161246.0,159458.66666666666,6958.117369902061,158742.14285714287,5145.224466388736,161542.53333333333,5109.2073798758165
2024-12-05,27.5,78,18.3,19.52,164261,29.073,3,12,0,0,1,163839.0,160900.0,163594.33333333334,373.8453334372735,159112.57142857142,5440.406536805407,161561.56666666668,5116.914673049296
2024-12-06,28.3,77,12.1,21.94,167747,30.0457,4,12,0,0,1,164261.0,158966.0,163960.0,262.3375687916044,159592.7142857143,5763.184817277249,161490.56666666668,5062.0765173808695
2024-12-07,28.2,78,13.9,22.1,161215,29.857699999999998,5,12,1,0,1,167747.0,151707.0,165282.33333333334,2144.8676726858475,160847.14285714287,6511.147656866732,161559.5,5134.640206648071
2024-12-08,27.5,83,16.2,20.12,157509,28.7155,6,12,1,0,1,161215.0,151432.0,164407.66666666666,3268.468958600153,162205.42857142858,5132.39368641725,161394.0,5060.050851591542
2024-12-09,25.9,87,18.2,14.01,164164,26.7151,0,12,0,0,1,157509.0,163164.0,162157.0,5183.597592406209,163073.57142857142,3129.5037869243747,161101.23333333334,5020.821389617352
2024-12-10,26.1,85,16.7,13.7,161943,27.057000000000002,1,12,0,0,1,164164.0,163780.0,160962.66666666666,3334.667949486545,163216.42857142858,3157.0229572136022,161287.36666666667,5027.631679946128
2024-12-11,26.9,83,9.8,14.36,164471,28.0594,2,12,0,0,1,161943.0,163839.0,161205.33333333334,3388.2695189923706,162954.0,3178.644627299496,161565.2,4814.406436720298
2024-12-12,26.7,87,13.0,16.74,166208,27.5723,3,12,0,0,1,164471.0,164261.0,163526.0,1379.4850488495445,163044.2857142857,3216.719173022156,161490.3,4748.505377557489
2024-12-13,26.5,87,11.7,10.92,163902,27.358,4,12,0,0,1,166208.0,167747.0,164207.33333333334,2144.690265127519,163322.42857142858,3417.3782278778426,161427.2,4669.551727728659
2024-12-14,27.0,85,11.9,19.31,157649,28.03125,5,12,1,0,1,163902.0,161215.0,164860.33333333334,1201.2886136698119,162773.14285714287,2849.500273647548,161357.6,4614.433327932438
2024-12-15,27.8,82,7.4,17.81,155683,29.1167,6,12,1,0,1,157649.0,157509.0,162586.33333333334,4428.583784160888,162263.7142857143,3433.421991457389,161097.73333333334,4595.791957817779
2024-12-16,26.4,88,13.6,17.23,167172,27.185399999999998,0,12,0,0,1,155683.0,164164.0,159078.0,4291.796943006445,162002.85714285713,3893.4236617043043,160722.03333333333,4561.105321900956
2024-12-17,26.5,88,12.4,14.92,165965,27.292,1,12,0,0,1,167172.0,161943.0,160168.0,6144.778352389894,162432.57142857142,4314.885199597851,161041.2,4668.629669732408
2024-12-18,25.4,92,14.6,11.08,162833,25.8796,2,12,0,0,1,165965.0,164471.0,162940.0,6313.655755582456,163007.14285714287,4502.533561916409,161500.36666666667,4439.874302999976
2024-12-19,25.9,87,16.6,14.87,161371,26.7151,3,12,0,0,1,162833.0,166208.0,165323.33333333334,2239.5384197045637,162773.14285714287,4456.100815307494,161484.13333333333,4433.878085622522
2024-12-20,26.3,83,17.5,15.25,161706,27.4033,4,12,0,0,1,161371.0,163902.0,163389.66666666666,2347.0443824804024,162082.14285714287,4202.507205171547,161424.26666666666,4422.482568012053
2024-12-21,25.8,89,15.2,17.14,153693,26.48365,5,12,1,0,1,161706.0,157649.0,161970.0,765.9197085853465,161768.42857142858,4125.269439973166,161413.96666666667,4421.4190067597065
2024-12-22,26.6,81,14.0,18.16,149711,27.86445,6,12,1,0,1,153693.0,155683.0,158923.33333333334,4532.69746766016,161203.2857142857,4968.471217395938,161089.0,4620.985646464392
2024-12-23,26.2,84,11.5,18.43,160657,27.229599999999998,0,12,0,0,1,149711.0,167172.0,155036.66666666666,6109.344181934163,160350.14285714287,6385.117394602496,160625.73333333334,5037.520414493492
2024-12-24,25.7,88,12.6,12.63,157938,26.4392,1,12,0,0,1,160657.0,165965.0,154687.0,5540.28483022303,159419.42857142858,5658.491667607269,160813.9,4924.766826967759
2024-12-25,25.6,87,11.6,16.52,148627,26.39365,2,12,0,1,1,157938.0,162833.0,156102.0,5699.2895171239925,158272.7142857143,4869.2336397114195,160981.63333333333,4727.901061478412
2024-12-26,26.3,82,9.9,17.75,158416,27.4682,3,12,0,0,1,148627.0,161371.0,155740.66666666666,6308.837478754126,156243.2857142857,5562.825322750516,160445.56666666668,5180.737144217318
2024-12-27,26.7,81,9.2,18.49,160585,27.974899999999998,4,12,0,0,1,158416.0,161706.0,154993.66666666666,5518.872559982945,155821.14285714287,5209.765747407816,160262.5,5151.1176473890555
2024-12-28,27.0,82,12.8,21.29,153654,28.2375,5,12,1,0,1,160585.0,153693.0,155876.0,6370.803795440522,155661.0,5012.205535823545,160240.46666666667,5148.178611518204
2024-12-29,26.6,85,13.6,20.34,150384,27.59825,6,12,1,0,1,153654.0,149711.0,157551.66666666666,3545.4187810938015,155655.42857142858,5014.778720846462,159998.93333333332,5284.345638107883
2024-12-30,25.7,89,13.4,17.62,158250,26.3776,0,12,0,0,1,150384.0,160657.0,154874.33333333334,5208.839634057924,155751.57142857142,4886.632407468455,159712.86666666667,5566.927969364519
2024-12-31,25.7,88,13.2,16.05,156458,26.4392,1,12,0,0,1,158250.0,157938.0,154096.0,3951.5834800747148,155407.7142857143,4557.526913956283,159930.96666666667,5367.041736268855
2025-01-01,26.6,85,12.2,19.2,148971,27.59825,2,1,0,1,1,156458.0,148627.0,155030.66666666666,4122.675021552479,155196.2857142857,4453.727828621353,160098.5,5167.3244377365145
2025-01-02,26.8,83,11.9,19.63,161116,27.95005,3,1,0,0,1,148971.0,158416.0,154559.66666666666,4922.165411008932,155245.42857142858,4370.276721107629,159625.4,5515.011711620498
2025-01-03,26.8,84,11.4,21.3,163045,27.8824,4,1,0,0,1,161116.0,160585.0,155515.0,6127.168432481628,155631.14285714287,4795.23320352591,159536.6,5467.048296463357
2025-01-04,26.3,85,12.4,19.3,155946,27.273500000000002,5,1,1,0,1,163045.0,153654.0,157710.66666666666,7629.979707268738,155982.57142857142,5284.026742840521,159510.13333333333,5447.388192477293
2025-01-05,26.6,83,15.2,20.26,152669,27.731350000000003,6,1,1,0,1,155946.0,150384.0,160035.66666666666,3670.7343043773644,156310.0,5185.785989928517,159232.96666666667,5408.724679073943
2025-01-06,26.9,80,18.2,19.98,164239,28.264,0,1,0,0,1,152669.0,158250.0,157220.0,5304.022153045689,156636.42857142858,4808.807435569226,158730.36666666667,5289.525984129547
2025-01-07,26.6,81,15.3,20.3,164700,27.86445,1,1,0,0,1,164239.0,156458.0,157618.0,5963.4648485590515,157492.0,5609.801481930524,158831.16666666666,5366.756832790078
2025-01-08,26.9,80,13.8,21.56,165508,28.264,2,1,0,0,1,164700.0,148971.0,160536.0,6816.919905646496,158669.42857142858,6191.405033246916,159070.86666666667,5465.350685870084
2025-01-09,27.2,75,15.2,22.82,165291,28.94625,3,1,0,0,1,165508.0,161116.0,164815.66666666666,642.3584150089201,161031.85714285713,4892.852590890806,159115.66666666666,5513.832613704775
2025-01-10,23.9,94,16.8,3.63,162743,24.2102,4,1,0,0,1,165291.0,163045.0,165166.33333333334,418.1773945740915,161628.2857142857,5152.396973392461,159227.26666666666,5606.140241663236
2025-01-11,22.8,98,13.0,3.16,149868,22.8913,5,1,1,0,1,162743.0,155946.0,164514.0,1537.5639824083546,161585.14285714287,5139.806203498253,159169.66666666666,5559.085612812163
2025-01-12,24.2,93,19.1,12.6,147307,24.573449999999998,6,1,1,0,1,149868.0,152669.0,159300.66666666666,8267.67659825496,160716.85714285713,6566.578394378674,158625.0,5645.512609204732
2025-01-13,23.8,96,12.8,7.14,157063,24.0046,0,1,0,0,1,147307.0,164239.0,153306.0,8272.388228317099,159950.85714285713,7849.295964789175,158071.83333333334,5917.108917096345
2025-01-14,24.9,90,17.2,16.69,158538,25.471999999999998,1,1,0,0,1,157063.0,164700.0,151412.66666666666,5058.100466907778,158925.7142857143,7662.2865106591435,158052.3,5919.5196400523055
2025-01-15,25.3,88,11.6,13.42,158384,26.012800000000002,2,1,0,0,1,158538.0,165508.0,154302.66666666666,6103.14839515907,158045.42857142858,7230.115648156434,158147.46666666667,5903.042148104517
2025-01-16,25.9,86,18.0,19.5,160041,26.7778,3,1,0,0,1,158384.0,165291.0,157995.0,810.8002220025904,157027.7142857143,6465.574161518799,157854.53333333333,5652.49636479514
2025-01-17,25.7,85,20.2,16.86,160523,26.624,4,1,0,0,1,160041.0,162743.0,158987.66666666666,915.4574448508193,156277.7142857143,5592.888273343305,157657.06666666668,5459.575308311585
2025-01-18,25.4,87,18.0,16.47,152812,26.17935,5,1,1,0,1,160523.0,149868.0,159649.33333333334,1121.9992572781803,155960.57142857142,5215.37582081938,157580.06666666668,5400.023409485142
2025-01-19,25.2,88,19.1,12.42,149562,25.9062,6,1,1,0,1,152812.0,147307.0,157792.0,4319.534812916716,156381.14285714287,4739.141674346678,157294.76666666666,5418.896481905516
2025-01-20,25.7,83,15.0,15.29,159526,26.7472,0,1,0,0,1,149562.0,157063.0,154299.0,5629.765270417537,156703.2857142857,4045.388144307072,156889.96666666667,5530.447206980087
2025-01-21,24.8,90,13.4,8.65,159694,25.366500000000002,1,1,0,0,1,159526.0,158538.0,153966.66666666666,5081.364514904714,157055.14285714287,4186.539717896873,157084.4,5516.694066258185
2025-01-22,25.2,88,11.8,11.22,158952,25.9062,2,1,0,0,1,159694.0,158384.0,156260.66666666666,5801.823621356724,157220.2857142857,4276.612472284472,157417.16666666666,5355.321118439875
2025-01-23,25.3,89,13.8,13.36,159005,25.953400000000002,3,1,0,0,1,158952.0,160041.0,159390.66666666666,389.07240114520727,157301.42857142858,4307.64823142721,157360.33333333334,5328.733939905211
2025-01-24,25.7,89,13.9,16.13,158728,26.3776,4,1,0,0,1,159005.0,160523.0,159217.0,413.9432328225245,157153.42857142858,4214.628803629682,157395.9,5336.278041339455
2025-01-25,25.8,87,9.1,16.65,150060,26.607950000000002,5,1,1,0,1,158728.0,152812.0,158895.0,147.03400966974527,156897.0,4025.823932232743,157732.6,5076.245942521373
2025-01-26,25.6,89,10.7,17.53,147805,26.27155,6,1,1,0,1,150060.0,149562.0,155931.0,5086.3211656362755,156503.85714285713,4586.55580396255,157454.06666666668,5263.256641867264
2025-01-27,25.6,89,14.9,16.37,155407,26.27155,0,1,0,0,1,147805.0,159526.0,152197.66666666666,5766.731858976354,156252.85714285713,5054.019734448652,157028.06666666668,5512.405157106156
2025-01-28,25.8,82,17.1,18.41,148134,26.9187,1,1,0,0,1,155407.0,159694.0,151090.66666666666,3904.3957705812622,155664.42857142858,4844.876429699198,157086.5,5484.626808100672
2025-01-29,25.6,78,20.3,15.08,138354,26.9431,2,1,0,1,1,148134.0,158952.0,150448.66666666666,4297.192377975745,154013.0,5199.621140045765,157011.5,5593.739744355719
2025-01-30,25.9,74,16.9,21.13,138319,27.530199999999997,3,1,0,1,1,138354.0,159005.0,147298.33333333334,8557.15819260886,151070.42857142858,7330.48240470786,156348.3,6541.067091843502
2025-01-31,25.4,78,14.3,17.49,147974,26.718899999999998,4,1,0,0,1,138319.0,158728.0,141602.33333333334,5656.616332520088,148115.2857142857,7755.935957152583,155743.66666666666,7322.279140820121
2025-02-01,26.3,76,14.2,18.46,145172,27.8576,5,2,1,0,1,147974.0,150060.0,141549.0,5564.240738860939,146579.0,6215.522182409712,155710.43333333332,7356.261595934007
2025-02-02,26.4,78,12.5,15.51,145380,27.8399,6,2,1,0,1,145172.0,147805.0,143821.66666666666,4967.122540599645,145880.7142857143,6031.104976546502,155178.96666666667,7526.247581233291
2025-02-03,27.0,77,12.2,22.56,158168,28.58125,0,2,0,0,1,145380.0,155407.0,146175.33333333334,1561.1589711919519,145534.2857142857,5971.50334824697,154590.13333333333,7580.444904299674
2025-02-04,26.3,82,14.4,20.55,160385,27.4682,1,2,0,0,1,158168.0,148134.0,149573.33333333334,7443.926204183722,145928.7142857143,6770.085492182294,154664.2,7604.965217449531
2025-02-05,24.6,89,15.9,11.1,158804,25.21105,2,2,0,0,1,160385.0,138354.0,154644.33333333334,8099.362711555335,147678.85714285713,8733.882840765331,154921.4,7665.398199612166
2025-02-06,26.1,77,18.2,22.75,157669,27.567400000000003,3,2,0,0,1,158804.0,138319.0,159119.0,1141.5739135069582,150600.2857142857,8512.313487224248,154740.23333333334,7500.031791579901
2025-02-07,26.4,77,16.1,22.91,160378,27.90535,4,2,0,0,1,157669.0,147974.0,158952.66666666666,1364.0895620643523,153364.57142857142,6836.235559067518,154505.86666666667,7284.837156409104
2025-02-08,26.6,77,15.6,22.21,153444,28.130650000000003,5,2,1,0,1,160378.0,145172.0,158950.33333333334,1360.4155002545713,155136.57142857142,6813.647233241177,154334.86666666667,7074.8571362852845
2025-02-09,26.1,78,19.7,21.57,149931,27.503600000000002,6,2,1,0,1,153444.0,145380.0,157163.66666666666,3494.5114584635244,156318.2857142857,5359.59739515013,153939.96666666667,6766.124819112635
2025-02-10,26.4,75,16.2,21.08,160882,28.03625,0,2,0,0,1,149931.0,158168.0,154584.33333333334,5316.034455619423,156968.42857142858,3884.6756560083954,153512.9,6593.465277755017
2025-02-11,27.1,73,14.4,22.45,162073,28.971100000000003,1,2,0,0,1,160882.0,160385.0,154752.33333333334,5591.5026900943985,157356.14285714287,4150.68353521757,153880.03333333333,6689.452528927719
2025-02-12,26.9,78,12.1,23.93,162871,28.400399999999998,2,2,0,0,1,162073.0,158804.0,157628.66666666666,6692.919716635851,157597.2857142857,4397.665278845556,154372.23333333334,6732.234832522269
2025-02-13,27.3,79,13.5,21.43,164676,28.7784,3,2,0,0,1,162871.0,157669.0,161942.0,1000.950048703551,158178.2857142857,4830.971873039188,154565.83333333334,6893.852759365586
2025-02-14,27.4,79,11.9,20.97,166088,28.88995,4,2,0,0,1,164676.0,160378.0,163206.66666666666,1333.5690208358114,159179.2857142857,5400.256898650913,154770.43333333332,7103.696214590823
2025-02-15,26.7,84,10.4,19.71,158764,27.7736,5,2,1,0,1,166088.0,153444.0,164545.0,1612.4958914675287,159995.0,6008.498647748564,155027.23333333334,7372.978533870578
2025-02-16,27.0,81,8.6,23.81,153654,28.30625,6,2,1,0,1,158764.0,149931.0,163176.0,3885.5815523547644,160755.0,5341.174901960046,154984.66666666666,7346.673590855352
2025-02-17,26.1,86,10.3,18.99,165154,26.9932,0,2,0,0,1,153654.0,160882.0,159502.0,6249.765755610338,161286.85714285713,4132.271708901029,154755.7,7274.801901082707
2025-02-18,25.8,87,16.1,16.55,164475,26.607950000000002,1,2,0,0,1,165154.0,162073.0,159190.66666666666,5761.860232019953,161897.14285714287,4371.074636308834,155167.1,7506.385127297109
2025-02-19,26.0,83,13.2,14.41,163749,27.07525,2,2,0,0,1,164475.0,162871.0,161094.33333333334,6452.455372440247,162240.2857142857,4480.103299190733,155664.2,7615.400269779837
2025-02-20,26.6,81,13.4,21.74,164803,27.86445,3,2,0,0,1,163749.0,164676.0,164459.33333333334,702.6310079500897,162365.7142857143,4512.875015414534,155804.96666666667,7727.450734939495
2025-02-21,26.5,83,10.9,18.86,160981,27.622,4,2,0,0,1,164803.0,166088.0,164342.33333333334,539.3786548733281,162383.85714285713,4523.9526017463895,155975.26666666666,7871.076059868018
2025-02-22,26.5,84,12.7,21.39,155363,27.556,5,2,1,0,1,160981.0,158764.0,163177.66666666666,1974.0155352309023,161654.2857142857,4229.2295482062755,156042.9,7906.175039061143
2025-02-23,26.0,86,9.2,17.64,152071,26.8855,6,2,1,0,1,155363.0,153654.0,160382.33333333334,4748.389340958993,161168.42857142858,4776.547213804958,155921.5,7887.061857331715
2025-02-24,26.4,85,11.6,20.79,158610,27.38175,0,2,0,0,1,152071.0,165154.0,156138.33333333334,4505.317006974431,160942.2857142857,5209.462631093162,155699.6,7899.016344697003
2025-02-25,25.8,87,16.0,18.63,161040,26.607950000000002,1,2,0,0,1,158610.0,164475.0,155348.0,3269.5258065963853,160007.42857142858,4906.022144845115,155984.6,7842.56271275186
2025-02-26,26.2,85,17.7,20.95,161601,27.16525,2,2,0,0,1,161040.0,163749.0,157240.33333333334,4638.720764751102,159516.7142857143,4543.048268665665,156425.76666666666,7738.1283475389855
2025-02-27,26.1,85,16.9,17.91,162500,27.057000000000002,3,2,0,0,1,161601.0,164803.0,160417.0,1589.8481059521623,159209.85714285713,4274.119809136775,156632.23333333334,7792.4512087165485
2025-02-28,26.6,84,14.4,22.28,161038,27.664800000000003,4,2,0,0,1,162500.0,160981.0,161713.66666666666,736.4919098897263,158880.85714285713,3838.2441049942086,157111.1,7692.983584925262
2025-03-01,26.7,83,12.1,21.74,154292,27.8407,5,3,1,0,2,161038.0,155363.0,161713.0,737.4069432814479,158889.0,3843.4990134857103,157867.23333333334,6854.944129067925
2025-03-02,26.7,82,13.7,23.0,153983,27.907799999999998,6,3,1,0,2,154292.0,152071.0,159276.66666666666,4378.3030198163515,158736.0,4024.317291996989,158399.66666666666,5827.585472284486
2025-03-03,27.2,80,9.1,24.6,165167,28.596999999999998,0,3,0,0,2,153983.0,158610.0,156437.66666666666,3987.000167210047,159009.14285714287,3531.2253033268507,158599.96666666667,5553.720830921901
2025-03-04,26.8,85,9.8,18.15,166318,27.81475,1,3,0,0,2,165167.0,161040.0,157814.0,6369.758786641734,159945.85714285713,4211.792311615925,159266.46666666667,5064.956028221414
2025-03-05,25.9,91,9.1,17.11,165945,26.464299999999998,2,3,0,0,2,166318.0,161601.0,161822.66666666666,6813.69799252454,160699.85714285713,4862.485833006129,159964.4,4496.1149712261295
2025-03-06,25.4,90,12.6,13.78,162905,25.999499999999998,3,3,0,0,2,165945.0,162500.0,165810.0,587.2554810299047,161320.42857142858,5257.792846722002,160223.63333333333,4611.682731882306
2025-03-07,26.9,84,6.3,22.42,164659,27.9912,4,3,0,0,2,162905.0,161038.0,165056.0,1872.1332751702441,161378.2857142857,5275.136008176017,160307.63333333333,4637.600891984414
2025-03-08,26.6,87,13.9,20.59,159113,27.46515,5,3,1,0,2,164659.0,154292.0,164503.0,1525.9921362836915,161895.57142857142,5411.970677954539,160502.8,4694.985207277358
2025-03-09,26.1,87,14.7,12.03,153076,26.9294,6,3,1,0,2,159113.0,153983.0,162225.66666666666,2834.722091022853,162584.2857142857,4515.615008473638,160550.93333333332,4672.278163464067
2025-03-10,26.5,86,16.3,18.43,165464,27.424,0,3,0,0,2,153076.0,165167.0,158949.33333333334,5793.234185956323,162454.7142857143,4807.156703439083,160307.53333333333,4867.707558816802
2025-03-11,26.9,84,11.6,15.97,167117,27.9912,1,3,0,0,2,165464.0,166318.0,159217.66666666666,6194.663213874755,162497.14285714287,4836.307800672717,160708.2,4777.128609502347
2025-03-12,26.2,86,10.9,16.7,166402,27.1009,2,3,0,0,2,167117.0,165945.0,161885.66666666666,7674.0323385644615,162611.2857142857,4949.615632021567,161281.06666666668,4460.118932490057
2025-03-13,26.1,88,9.7,18.8,166984,26.8656,3,3,0,0,2,166402.0,162905.0,166327.66666666666,829.0032167206631,162676.57142857142,5003.635307024732,161465.06666666668,4555.921458962202
2025-03-14,26.4,87,13.9,22.4,168283,27.25085,4,3,0,0,2,166984.0,164659.0,166834.33333333334,380.2713943136032,163259.2857142857,5265.343727755809,161628.76666666666,4665.431573956146
2025-03-15,26.9,86,10.7,17.14,161016,27.854799999999997,5,3,1,0,2,168283.0,159113.0,167223.0,963.0062305093776,163777.0,5593.826597239823,161809.16666666666,4817.284448112413
2025-03-16,27.2,84,9.2,21.27,155915,28.3176,6,3,1,0,2,161016.0,153076.0,165427.66666666666,3875.429309551805,164048.85714285713,5371.1925562371625,161687.16666666666,4788.436193389605
2025-03-17,27.0,81,11.3,20.98,166775,28.30625,0,3,0,0,2,155915.0,165464.0,161738.0,6215.530468109688,164454.42857142858,4429.124776488057,161348.06666666668,4826.097959288223
2025-03-18,26.8,80,14.6,22.59,167816,28.153000000000002,1,3,0,0,2,166775.0,167117.0,161235.33333333334,5433.32129855516,164641.7142857143,4505.980533847683,161615.1,4899.26252261703
2025-03-19,24.0,96,10.0,3.93,164079,24.209,2,3,0,0,2,167816.0,166402.0,163502.0,6591.118797290775,164741.57142857142,4577.160941642727,162087.16666666666,4786.716764658267
2025-03-20,23.1,99,15.7,2.56,158656,23.1473,3,3,0,0,2,164079.0,166984.0,166223.33333333334,1928.6120225004147,164409.7142857143,4520.5731094720095,162051.33333333334,4766.949710268913
2025-03-21,25.2,88,19.8,17.7,159186,25.9062,4,3,0,0,2,158656.0,168283.0,163517.0,4605.787989041594,163220.0,4816.35802932626,161857.36666666667,4783.289565541571
2025-03-22,25.9,88,13.9,18.05,155417,26.6524,5,3,1,0,2,159186.0,161016.0,160640.33333333334,2989.7401782317393,161920.42857142858,4434.726855817174,161705.26666666666,4793.601352473879
2025-03-23,26.2,86,13.9,21.0,151269,27.1009,6,3,1,0,2,155417.0,155915.0,157753.0,2040.3178673921975,161120.57142857142,5082.63392534237,161392.4,4889.783801722576
2025-03-24,26.1,88,14.2,18.91,163671,26.8656,0,3,0,0,2,151269.0,166775.0,155290.66666666666,3960.0116582319743,160456.85714285713,6080.993269429941,161068.66666666666,5227.775496679261
2025-03-25,26.7,85,12.8,22.42,164696,27.7065,1,3,0,0,2,163671.0,167816.0,156785.66666666666,6313.2667719123965,160013.42857142858,5640.718892042373,161345.6,5134.32064874606
2025-03-26,27.3,83,10.9,24.34,165236,28.4968,2,3,0,0,2,164696.0,164079.0,159878.66666666666,7473.782598746983,159567.7142857143,5009.3576339446,161766.43333333332,4857.87721969297
2025-03-27,27.3,84,9.2,22.85,165751,28.4264,3,3,0,0,2,165236.0,158656.0,164534.33333333334,794.9266213514768,159733.0,5198.533639402246,161987.3,4860.046545470618
2025-03-28,27.0,86,15.5,20.21,164547,27.9625,4,3,0,0,2,165751.0,159186.0,165227.66666666666,527.5493657784755,160746.57142857142,5627.51599604202,162144.33333333334,4904.2901580173775
2025-03-29,26.8,88,7.7,19.47,155915,27.611800000000002,5,3,1,0,2,164547.0,155417.0,165178.0,604.0918804287492,161512.42857142858,5743.340080972664,162242.53333333333,4922.496196971474
2025-03-30,26.8,87,7.8,20.99,151421,27.67945,6,3,1,0,2,155915.0,151269.0,162071.0,5365.133362741316,161583.57142857142,5657.697701866628,162023.03333333333,5055.635561419361
2025-03-31,26.1,89,7.6,18.3,150640,26.8018,0,3,0,1,2,151421.0,163671.0,157294.33333333334,6670.82373724065,161605.2857142857,5611.616425305147,161702.46666666667,5412.5461134190555
2025-04-01,27.2,83,11.2,23.81,162972,28.38745,1,4,0,0,2,150640.0,164696.0,152658.66666666666,2846.975646775601,159743.7142857143,6839.269106034565,161580.73333333334,5621.978391090416
2025-04-02,26.4,84,12.1,21.17,164350,27.4472,2,4,0,0,2,162972.0,165236.0,155011.0,6905.478332454602,159497.42857142858,6659.901271969313,161880.36666666667,5439.666752491717
2025-04-03,25.9,88,8.2,21.06,164627,26.6524,3,4,0,0,2,164350.0,165751.0,159320.66666666666,7549.18547482663,159370.85714285713,6540.002737730437,161853.13333333333,5424.669503572668
2025-04-04,26.1,89,8.1,19.44,164670,26.8018,4,4,0,0,2,164627.0,164547.0,163983.0,886.4383791330876,159210.2857142857,6368.806107748405,161796.76666666666,5385.318878807414
2025-04-05,26.4,87,7.6,18.74,155828,27.25085,5,4,1,0,2,164670.0,155915.0,164549.0,173.67498380623348,159227.85714285713,6386.130112166674,161754.26666666666,5356.406302565521
2025-04-06,26.2,88,12.6,21.51,155141,26.9722,6,4,1,0,2,155828.0,151421.0,161708.33333333334,5092.563434394654,159215.42857142858,6393.732239653073,161518.36666666667,5458.838296796964
2025-04-07,25.2,92,6.8,16.95,164579,25.6708,0,4,0,0,2,155141.0,150640.0,158546.33333333334,5314.363775028344,159746.85714285713,5761.218170623359,161201.1,5545.9088204576265
2025-04-08,25.6,91,7.6,13.59,165305,26.14945,1,4,0,0,2,164579.0,162972.0,158516.0,5261.935860498513,161738.14285714287,4316.789602955292,161383.3,5564.698387898321
2025-04-09,26.6,88,7.4,18.48,165374,27.398600000000002,2,4,0,0,2,165305.0,164350.0,161675.0,5670.241264708251,162071.42857142858,4513.508349282108,161790.93333333332,5380.01963163559
2025-04-10,26.5,88,8.1,20.75,165542,27.292,3,4,0,0,2,165374.0,164627.0,165086.0,440.4282007322275,162217.7142857143,4615.117178514532,161787.93333333332,5377.9255193761055
2025-04-11,25.7,88,11.7,15.21,165767,26.4392,4,4,0,0,2,165542.0,164670.0,165407.0,121.89749792439237,162348.42857142858,4706.7762094352165,161735.43333333332,5331.59671162448
2025-04-12,26.7,87,11.4,20.84,159873,27.5723,5,4,1,0,2,165767.0,155828.0,165561.0,197.18772781343986,162505.14285714287,4813.998249152969,161714.26666666666,5313.661721633837
2025-04-13,25.8,91,12.6,16.59,153578,26.35935,6,4,1,0,2,159873.0,155141.0,163727.33333333334,3339.8458547264704,163083.0,4063.126505536024,161477.23333333334,5228.40272096996
2025-04-14,26.7,87,8.8,19.74,166412,27.5723,0,4,0,0,2,153578.0,164579.0,159739.33333333334,6095.599259575193,162859.7142857143,4582.114639707137,160987.06666666668,5257.576411193862
2025-04-15,26.4,90,7.3,15.09,167864,27.054499999999997,1,4,0,0,2,166412.0,165305.0,159954.33333333334,6417.386565677157,163121.57142857142,4746.181863951654,161166.93333333332,5350.0876108415505
2025-04-16,26.1,89,8.0,17.31,168283,26.8018,2,4,0,0,2,167864.0,165374.0,162618.0,7862.45992040661,163487.14285714287,5032.3159820152005,161565.23333333334,5390.247570818537
2025-04-17,26.6,83,13.3,18.45,165132,27.731350000000003,3,4,0,0,2,168283.0,165542.0,167519.66666666666,981.8779625460853,163902.7142857143,5325.666522112461,161615.5,5447.2366151455035
2025-04-18,27.1,84,10.5,22.95,157889,28.208800000000004,4,4,0,1,2,165132.0,165767.0,167093.0,1711.1490291614948,163844.14285714287,5306.854291967902,161526.03333333333,5363.280837666493
2025-04-19,26.3,89,8.7,18.06,158836,27.0139,5,4,1,0,2,157889.0,159873.0,163768.0,5329.557298688169,162718.7142857143,5655.033678480801,161319.7,5380.718540338928
2025-04-20,26.4,88,7.2,20.18,154073,27.185399999999998,6,4,1,0,2,158836.0,153578.0,160619.0,3936.9504695894166,162570.57142857142,5754.710993528534,161325.7,5377.74538163136
2025-04-21,25.9,89,9.4,19.72,165631,26.589699999999997,0,4,0,0,2,154073.0,166412.0,156932.66666666666,2521.4028502668193,162641.2857142857,5627.426401540255,161155.26666666666,5526.850234323866
2025-04-22,26.2,89,8.0,18.43,168164,26.90785,1,4,0,0,2,165631.0,167864.0,159513.33333333334,5808.694029929067,162529.7142857143,5547.379793327586,161495.73333333334,5475.5352119654635
2025-04-23,25.8,91,8.0,11.92,168057,26.35935,2,4,0,0,2,168164.0,168283.0,162622.66666666666,7511.765593609376,162572.57142857142,5596.401369246566,162058.9,5251.692977277816
2025-04-24,26.4,89,6.0,20.75,168763,27.11995,3,4,0,0,2,168057.0,165132.0,167284.0,1432.5393537353016,162540.2857142857,5558.4907338310695,162205.1,5358.091524298709
2025-04-25,26.8,86,7.8,21.23,170633,27.7471,4,4,0,0,2,168763.0,157889.0,168328.0,380.50098554452563,163059.0,5993.088435855876,162340.66666666666,5473.495128301788
2025-04-26,26.3,88,11.5,19.97,162635,27.0788,5,4,1,0,2,170633.0,158836.0,169151.0,1331.109311814907,164879.57142857142,6095.597697166334,162520.56666666668,5657.537649368878
2025-04-27,26.7,86,8.3,20.88,158353,27.6394,6,4,1,0,2,162635.0,154073.0,167343.66666666666,4183.6445036993355,165422.2857142857,5618.26547118823,162416.7,5624.69304082023
2025-04-28,26.5,89,9.7,18.72,170788,27.226,0,4,0,0,2,158353.0,165631.0,163873.66666666666,6233.002593721071,166033.7142857143,4241.4824733117985,162210.23333333334,5657.3864057249275
2025-04-29,26.8,85,7.1,20.95,169809,27.81475,1,4,0,0,2,170788.0,168164.0,163925.33333333334,6317.121681061202,166770.42857142858,4593.162667018794,162706.0,5737.803220145057
2025-04-30,26.7,86,8.8,19.22,170578,27.6394,2,4,0,0,2,169809.0,168057.0,166316.66666666666,6914.087093270776,167005.42857142858,4716.763715977443,163318.93333333332,5466.449247428972
2025-05-01,26.4,89,8.2,17.85,159697,27.11995,3,5,0,1,2,170578.0,168763.0,170391.66666666666,515.4127795598217,167365.57142857142,4903.00424423916,163983.53333333333,5069.4074246194095
2025-05-02,27.0,87,9.0,21.37,169824,27.89375,4,5,0,0,2,159697.0,170633.0,166694.66666666666,6072.342573779375,166070.42857142858,5617.6673645767,163874.36666666667,5126.878141872876
2025-05-03,26.8,89,7.1,17.14,160987,27.544150000000002,5,5,1,1,2,169824.0,162635.0,166699.66666666666,6076.1940664641,165954.85714285713,5515.551692820332,164056.83333333334,5240.54022013527
2025-05-04,27.0,85,11.8,21.15,157308,28.03125,6,5,1,0,2,160987.0,158353.0,163502.66666666666,5512.30136452403,165719.42857142858,5712.5305209131475,163935.5,5268.945211134366
2025-05-05,26.6,89,10.0,17.43,169653,27.332050000000002,0,5,0,0,2,157308.0,170788.0,162706.33333333334,6432.701169286006,165570.14285714287,5946.005477868379,163690.1,5403.285579961992
2025-05-06,28.1,83,11.1,23.67,172917,29.3716,1,5,0,0,2,169653.0,169809.0,162649.33333333334,6338.159853879795,165408.0,5793.5243159914335,164150.93333333332,5298.151583552872
2025-05-07,27.5,86,10.9,20.12,176881,28.501,2,5,0,0,2,172917.0,170578.0,166626.0,8232.998663913422,165852.0,6285.245579926294,164743.46666666667,5249.545298755281
2025-05-08,27.4,88,9.8,20.01,176003,28.251399999999997,3,5,0,0,2,176881.0,159697.0,173150.33333333334,3619.644918128505,166752.42857142858,7423.54627423412,165153.53333333333,5697.616184731265
2025-05-09,27.9,82,9.4,21.32,174105,29.226599999999998,4,5,0,0,2,176003.0,169824.0,175267.0,2081.9692600997155,169081.85714285713,7398.925291970865,165510.13333333333,6032.370019368918
2025-05-10,28.2,84,7.9,19.67,167332,29.4056,5,5,1,0,2,174105.0,160987.0,175663.0,1418.8882972243293,169693.42857142858,7643.380836974036,165801.16666666666,6232.85881760821
2025-05-11,27.6,85,10.0,20.02,159527,28.680750000000003,6,5,1,0,2,167332.0,157308.0,172480.0,4558.18264223804,170599.85714285713,6764.500238462759,165860.83333333334,6238.857162606698
2025-05-12,27.0,89,8.2,16.57,163082,27.75625,0,5,0,1,2,159527.0,169653.0,166988.0,7295.085537538279,170916.85714285713,6052.300621209702,165652.83333333334,6345.2060159670045
2025-05-13,26.9,87,9.7,18.87,172591,27.7866,1,5,0,0,2,163082.0,172917.0,163313.66666666666,3907.653814417737,169978.14285714287,6750.326126158459,165759.8,6271.025315716029
2025-05-14,26.9,86,7.2,14.82,170212,27.854799999999997,2,5,0,0,2,172591.0,176881.0,165066.66666666666,6754.346773251542,169931.57142857142,6727.7581173588605,166393.56666666668,5949.98184108175
2025-05-15,27.7,86,7.5,19.8,171991,28.7164,3,5,0,0,2,170212.0,176003.0,168628.33333333334,4948.3603681758605,168978.85714285713,6013.967171745543,166520.23333333334,5990.696791453706
2025-05-16,27.2,86,9.0,19.17,171087,28.1779,4,5,0,0,2,171991.0,174105.0,171598.0,1237.2336076910321,168405.7142857143,5391.996838346547,166657.8,6069.485107969993
2025-05-17,28.8,79,5.8,22.01,166077,30.45165,5,5,1,0,2,171087.0,167332.0,171096.66666666666,889.5393939188417,167974.57142857142,4964.00419208383,166751.26666666666,6116.781021450365
2025-05-18,26.2,91,11.5,14.17,161351,26.779149999999998,6,5,1,0,2,166077.0,159527.0,169718.33333333334,3185.7158274606877,167795.2857142857,5013.496807426315,166782.76666666666,6110.584754925999
2025-05-19,26.9,89,7.8,11.67,170893,27.650199999999998,0,5,0,0,2,161351.0,163082.0,166171.66666666666,4868.690309860909,168055.85714285713,4536.883821468414,166898.16666666666,5967.855342169848
2025-05-20,27.5,86,14.3,17.51,174475,28.501,1,5,0,0,2,170893.0,172591.0,166107.0,4771.070739362407,169171.7142857143,4043.390768246058,167300.06666666668,5810.092520679745
2025-05-21,28.0,83,10.4,20.22,175987,29.26225,2,5,0,0,2,174475.0,170212.0,168906.33333333334,6783.802571812762,169440.85714285713,4359.287266992786,167980.13333333333,5387.110201810024
2025-05-22,27.3,87,11.6,18.68,174619,28.2152,3,5,0,0,2,175987.0,171991.0,173785.0,2616.158252094099,170265.85714285713,5025.157756345924,168325.33333333334,5560.402889976569
2025-05-23,28.4,79,14.1,19.99,174395,30.00545,4,5,0,0,2,174619.0,171087.0,175027.0,834.4962552342894,170641.2857142857,5267.832752160436,168540.5,5677.60160479476
2025-05-24,28.7,79,10.9,21.92,167785,30.3401,5,5,1,0,2,174395.0,166077.0,175000.33333333334,861.7872900741747,171113.85714285713,5459.377480643898,168751.76666666666,5776.056492007344
2025-05-25,27.6,85,10.3,20.34,164883,28.680750000000003,6,5,1,0,2,167785.0,161351.0,172266.33333333334,3882.564272917247,171357.85714285713,5230.0959656104305,168719.16666666666,5778.750187531438
2025-05-26,28.6,77,11.5,22.47,176403,30.383650000000003,0,5,0,0,2,164883.0,170893.0,169021.0,4874.967487071079,171862.42857142858,4165.890495322361,168527.5,5808.364929580597
2025-05-27,27.7,86,7.9,17.23,179033,28.7164,1,5,0,0,2,176403.0,174475.0,169690.33333333334,5991.687686564896,172649.57142857142,4462.206138113236,168986.43333333332,5870.320855258935
2025-05-28,28.5,81,8.0,21.43,178618,29.963,2,5,0,0,2,179033.0,175987.0,173439.66666666666,7526.063601467465,173300.7142857143,5064.842271785134,169675.76666666666,5792.288349434875
2025-05-29,27.2,81,10.0,11.66,174008,28.52715,3,5,0,0,2,178618.0,174619.0,178018.0,1413.9395319461698,173676.57142857142,5384.921536322182,169936.76666666666,6016.214783649205
2025-05-30,26.9,87,12.5,13.86,172540,27.7866,4,5,0,0,2,174008.0,174395.0,177219.66666666666,2789.114256055758,173589.2857142857,5372.035949066325,170076.73333333334,6061.811683974099
2025-05-31,28.4,81,12.5,21.29,167046,29.852549999999997,5,5,1,0,2,172540.0,167785.0,175055.33333333334,3171.4667479469917,173324.2857142857,5371.419294568387,170142.13333333333,6077.968596289571
2025-06-01,28.4,82,10.4,18.77,164174,29.7761,6,6,1,0,3,167046.0,164883.0,171198.0,3669.8888266540393,173218.7142857143,5504.059705168704,170387.1,5783.431557118427
2025-06-02,29.1,76,9.4,18.53,177083,31.0272,0,6,0,0,3,164174.0,176403.0,167920.0,4250.928839677295,173117.42857142858,5686.518438583292,170198.76666666666,5893.350382998845
2025-06-03,28.4,78,10.3,21.16,177257,30.081899999999997,1,6,0,0,3,177083.0,179033.0,169434.33333333334,6777.8073396441005,173214.57142857142,5757.367334035079,170735.3,5756.902203084018
2025-06-04,28.2,82,11.4,21.32,177051,29.5563,2,6,0,0,3,177257.0,178618.0,172838.0,7503.748463268214,172960.85714285713,5491.208016106989,171400.26666666666,5285.277312618191
2025-06-05,27.4,86,13.2,19.11,176292,28.3933,3,6,0,0,3,177051.0,174008.0,177130.33333333334,110.85726558698495,172737.0,5248.736546379618,171646.86666666667,5372.805186104231
2025-06-06,26.3,89,17.3,9.5,171428,27.0139,4,6,0,0,3,176292.0,172540.0,176866.66666666666,508.22272020583534,173063.2857142857,5409.447898944543,171759.36666666667,5435.288175486859
2025-06-07,28.3,76,13.3,21.63,161560,30.1216,5,6,1,1,3,171428.0,167046.0,174923.66666666666,3051.030044646134,172904.42857142858,5443.596264022674,171577.6,5348.5926966348015
2025-06-08,27.6,85,9.8,19.22,160148,28.680750000000003,6,6,1,0,3,161560.0,164174.0,169760.0,7506.305615947172,172120.7142857143,6681.714593181234,171096.16666666666,5581.4677162757125
2025-06-09,28.0,83,9.8,19.56,172272,29.26225,0,6,0,0,3,160148.0,177083.0,164378.66666666666,6145.588770275257,171545.57142857142,7591.134672696703,170630.93333333332,5894.903373976306
2025-06-10,27.3,84,14.0,14.69,171799,28.4264,1,6,0,0,3,172272.0,177257.0,164660.0,6629.882653561824,170858.2857142857,7214.684162969341,170795.6,5868.5114519851295
2025-06-11,27.9,82,9.9,18.68,173351,29.226599999999998,2,6,0,0,3,171799.0,177051.0,168073.0,6867.324879456335,170078.57142857142,6683.2592312699335,171204.66666666666,5470.13450211934
2025-06-12,28.4,80,11.7,21.19,176823,29.929,3,6,0,0,3,173351.0,176292.0,172474.0,795.4740724875719,169550.0,6166.225722972013,171546.96666666667,5261.646284154093
2025-06-13,29.1,76,12.6,21.3,178604,31.0272,4,6,0,0,3,176823.0,171428.0,173991.0,2572.419872415847,169625.85714285713,6265.457190780152,171688.03333333333,5346.646564120513
2025-06-14,28.7,79,9.3,18.54,170300,30.3401,5,6,1,0,3,178604.0,161560.0,176259.33333333334,2671.477556209911,170651.0,7136.042647479013,171967.76666666666,5484.5131596946085
2025-06-15,28.1,84,9.6,20.15,165708,29.2968,6,6,1,0,3,170300.0,160148.0,175242.33333333334,4371.839925401351,171899.57142857142,5945.629118858444,171911.4,5492.949221032387
2025-06-16,27.4,85,8.1,20.65,174276,28.46425,0,6,0,0,3,165708.0,172272.0,171537.33333333334,6536.432462233,172693.85714285713,4241.126636027886,171732.1,5607.385292384849
2025-06-17,25.9,90,11.5,14.71,172607,26.526999999999997,1,6,0,0,3,174276.0,171799.0,170094.66666666666,4287.689043451429,172980.14285714287,4275.403038641452,172005.4,5521.402898940323
2025-06-18,26.5,85,8.3,14.89,170497,27.490000000000002,2,6,0,0,3,172607.0,173351.0,170863.66666666666,4542.253222062091,173095.57142857142,4249.025333612574,172380.6,5141.827265437783
2025-06-19,27.0,79,7.6,13.09,170512,28.44375,3,6,0,0,3,170497.0,176823.0,172460.0,1893.7837785766749,172687.85714285713,4356.01138001558,172367.4,5146.284261150455
2025-06-20,26.9,86,12.6,14.8,170698,27.854799999999997,4,6,0,0,3,170512.0,178604.0,171205.33333333334,1213.9021102763957,171786.2857142857,3995.7089781496056,172235.3,5141.179350480406
2025-06-21,27.8,81,13.3,20.52,163222,29.18985,5,6,1,0,3,170698.0,170300.0,170569.0,111.96874563985847,170656.85714285713,2632.109953914624,172059.0,5098.598915051524
2025-06-22,28.4,77,9.4,21.15,161612,30.15835,6,6,1,0,3,163222.0,165708.0,168144.0,4263.591443841701,169645.7142857143,3863.52389726488,171679.1,5321.021630905497
2025-06-23,27.6,80,8.5,20.11,171161,29.041,0,6,0,0,3,161612.0,174276.0,165177.33333333334,4848.334284404647,169060.57142857142,4764.4364429619445,171253.0,5600.518504322025
2025-06-24,27.6,82,12.7,19.74,174298,28.896900000000002,1,6,0,0,3,171161.0,172607.0,165331.66666666666,5112.129725792725,168615.57142857142,4320.957797258792,171365.53333333333,5562.218440660286
2025-06-25,28.6,78,13.4,16.16,176048,30.3061,2,6,0,0,3,174298.0,170497.0,169023.66666666666,6607.555851699905,168857.14285714287,4618.333986352713,171679.36666666667,5448.287699904625
2025-06-26,29.1,76,16.3,19.88,178157,31.0272,3,6,0,0,3,176048.0,170512.0,173835.66666666666,2476.086899390594,169650.14285714287,5363.323050388822,171667.53333333333,5438.050396930199
2025-06-27,28.5,78,13.5,19.43,179287,30.194,4,6,0,0,3,178157.0,170698.0,176167.66666666666,1932.2811217143742,170742.2857142857,6269.84573744849,171638.33333333334,5399.351399959288
2025-06-28,27.6,83,11.5,16.13,167910,28.82485,5,6,1,0,3,179287.0,163222.0,177830.66666666666,1643.973945454667,171969.2857142857,7051.445140635937,171660.63333333333,5430.464217684588
2025-06-29,27.2,80,11.2,17.73,158621,28.596999999999998,6,6,1,0,3,167910.0,161612.0,175118.0,6267.828411818599,172639.0,6260.46382732952,171457.36666666667,5453.647646670552
2025-06-30,27.6,82,9.8,18.4,173816,28.896900000000002,0,6,0,0,3,158621.0,171161.0,168606.0,10350.565250265343,172211.7142857143,7173.934618097028,170993.4,5929.668738785999
2025-07-01,28.4,78,9.6,21.41,176060,30.081899999999997,1,7,0,0,3,173816.0,174298.0,166782.33333333334,7660.0085073930395,172591.0,7179.307719641323,171219.06666666668,5903.025261405684
2025-07-02,27.4,83,8.7,16.45,173220,28.60615,2,7,0,0,3,176060.0,176048.0,169499.0,9487.20438274629,172842.7142857143,7279.324000532569,171615.26666666666,5812.050347062905
2025-07-03,26.3,88,9.6,16.95,171439,27.0788,3,7,0,0,3,173220.0,178157.0,174365.33333333334,1497.5731479075603,172438.7142857143,7149.094621330061,171486.5,5728.933172338087
2025-07-04,26.3,87,9.7,19.91,171279,27.143700000000003,4,7,0,0,3,171439.0,179287.0,173573.0,2330.636608311219,171479.0,6689.676125690795,171292.56666666668,5624.376947461696
2025-07-05,26.4,86,13.8,18.29,162751,27.3163,5,7,1,0,3,171279.0,167910.0,171979.33333333334,1077.4230057566806,170335.0,5750.718563794735,171100.16666666666,5518.3235902888455
2025-07-06,28.1,77,11.5,22.04,160457,29.820400000000003,6,7,1,0,3,162751.0,158621.0,168489.66666666666,4970.474960537848,169598.0,6406.491915755591,170648.8,5631.642305942422
2025-07-07,28.1,77,13.8,17.27,174172,29.820400000000003,0,7,0,0,3,160457.0,173816.0,164829.0,5702.410367555142,169860.2857142857,5899.726369762389,170283.1,5927.725611117709
2025-07-08,28.3,77,11.1,19.23,175202,30.0457,1,7,0,0,3,174172.0,176060.0,165793.33333333334,7346.233751612703,169911.14285714287,5940.899579146086,170703.5,5731.729538281755
2025-07-09,27.9,79,11.8,21.66,174025,29.447699999999998,2,7,0,0,3,175202.0,173220.0,169943.66666666666,8231.819867643708,169788.57142857142,5800.075943671389,171205.3,5426.603707979821
2025-07-10,27.8,81,13.7,20.0,175118,29.18985,3,7,0,0,3,174025.0,171439.0,174466.33333333334,641.3316874548835,169903.57142857142,5886.783724498629,171263.73333333334,5447.882321463806
2025-07-11,27.9,79,13.1,22.1,172639,29.447699999999998,4,7,0,0,3,175118.0,171279.0,174781.66666666666,656.6371397763978,170429.14285714287,6202.479112647639,171374.36666666667,5492.643672777635
2025-07-12,26.5,87,12.3,12.41,162065,27.358,5,7,1,0,3,172639.0,162751.0,173927.33333333334,1242.3825229508564,170623.42857142858,6254.617836901542,171350.63333333333,5485.3416608989655
2025-07-13,27.4,84,10.1,20.01,159219,28.5352,6,7,1,0,3,162065.0,160457.0,169940.66666666666,6932.240210302415,170525.42857142858,6402.1585645536115,170858.7,5637.303275259643
2025-07-14,26.9,85,13.3,18.79,171182,27.923,0,7,0,0,3,159219.0,174172.0,164641.0,7071.133713910402,170348.57142857142,6735.0937844760265,170212.53333333333,5826.702685783513
2025-07-15,27.2,83,18.4,12.61,171750,28.38745,1,7,0,0,3,171182.0,175202.0,164155.33333333334,6249.436961305682,169921.42857142858,6544.307573687375,170241.93333333332,5829.38379030955
2025-07-16,28.7,77,13.2,20.4,175243,30.496299999999998,2,7,0,0,3,171750.0,174025.0,167383.66666666666,7076.509897776842,169428.2857142857,6201.138059910513,170443.33333333334,5771.423659504002
2025-07-17,28.4,80,11.6,18.13,176949,29.929,3,7,0,0,3,175243.0,175118.0,172725.0,2199.0677570280404,169602.2857142857,6366.499135166069,170475.56666666668,5796.214273921102
2025-07-18,28.8,77,12.9,23.07,177416,30.60895,4,7,0,0,3,176949.0,172639.0,174647.33333333334,2650.1913767374713,169863.85714285713,6661.656911722355,170620.3,5904.471701966386
2025-07-19,28.4,78,15.3,20.78,169515,30.081899999999997,5,7,1,0,3,177416.0,162065.0,176536.0,1143.8570714911452,170546.2857142857,7215.025056879659,170850.93333333332,6033.21661752955
2025-07-20,27.6,80,14.5,21.14,165120,29.041,6,7,1,0,3,169515.0,159219.0,174626.66666666666,4432.987066677907,171610.57142857142,6238.882561726723,170817.7,6037.892097071109
2025-07-21,27.3,80,12.9,22.03,175237,28.708000000000002,0,7,0,0,3,165120.0,171182.0,170683.66666666666,6230.749580374221,172453.57142857142,4418.594529826851,170631.76666666666,6126.934344427973
2025-07-22,27.0,84,9.6,18.69,175608,28.1,1,7,0,0,3,175237.0,171750.0,169957.33333333334,5072.983967383837,173032.85714285713,4489.347444357277,171032.26666666666,6017.594701823495
2025-07-23,27.3,81,11.9,19.53,175253,28.6376,2,7,0,0,3,175608.0,175243.0,171988.33333333334,5951.042961812108,173584.0,4542.113531528988,171498.8,5800.708175554379
2025-07-24,28.1,79,12.5,21.25,176209,29.6708,3,7,0,0,3,175253.0,176949.0,175366.0,209.7307798107896,173585.42857142858,4542.7238105582655,171635.2,5840.465276695715
2025-07-25,27.9,81,10.9,18.54,177619,29.3003,4,7,0,0,3,176209.0,177416.0,175690.0,483.2463140056444,173479.7142857143,4459.247384712009,171698.9,5880.791105297866
2025-07-26,26.8,86,13.7,18.19,166707,27.7471,5,7,1,0,3,177619.0,169515.0,176360.33333333334,1190.2375113116566,173508.7142857143,4489.669205119031,171751.26666666666,5927.66181113085
2025-07-27,27.8,80,10.7,19.56,162854,29.263,6,7,1,0,3,166707.0,165120.0,173511.66666666666,5935.035074313656,173107.57142857142,5002.165059819686,171369.6,5869.321717260172
2025-07-28,28.7,78,13.9,21.17,178290,30.4182,0,7,0,0,3,162854.0,175237.0,169060.0,7658.574475710212,172783.85714285713,5638.126533653822,170821.83333333334,5871.755762112108
2025-07-29,28.9,76,14.8,20.55,180694,30.8008,1,7,0,0,3,178290.0,175608.0,169283.66666666666,8034.110550231018,173220.0,5967.955819762156,171167.83333333334,5998.710252663845
2025-07-30,28.5,78,11.2,19.71,180711,30.194,2,7,0,0,3,180694.0,175253.0,173946.0,9680.865250585819,173946.57142857142,6584.853449572392,171903.6,5755.463560827464
2025-07-31,28.4,78,11.8,19.97,178234,30.081899999999997,3,7,0,0,3,180711.0,176209.0,179898.33333333334,1392.883460068845,174726.2857142857,7070.558999922921,172133.43333333332,5968.202476940614
2025-08-01,28.1,81,9.9,19.8,177914,29.5212,4,8,0,0,3,178234.0,177619.0,179879.66666666666,1425.2144867820189,175015.57142857142,7181.882781393468,172205.9,6030.397792964603
2025-08-02,27.8,82,10.9,20.34,168218,29.1167,5,8,1,0,3,177914.0,166707.0,178953.0,1530.8569495547238,175057.7142857143,7200.546940202309,172362.36666666667,6117.878776422568
2025-08-03,27.0,88,9.6,15.73,163703,27.825,6,8,1,0,3,168218.0,162854.0,174788.66666666666,5692.613225341528,175273.57142857142,6925.897772299412,172255.0,6162.741558531759
2025-08-04,26.3,91,9.7,13.06,171058,26.8841,0,8,0,0,3,163703.0,178290.0,169945.0,7261.200107420255,175394.85714285713,6675.050022994922,172002.46666666667,6356.297603401003
2025-08-05,26.2,85,10.1,20.35,168580,27.16525,1,8,0,0,3,171058.0,180694.0,167659.66666666666,3709.151969565723,174361.7142857143,6711.837123425439,172279.36666666667,6115.766033072021
2025-08-06,27.2,82,10.8,19.92,173036,28.4573,2,8,0,0,3,168580.0,180711.0,167780.33333333334,3742.1392723057857,172631.14285714287,6359.491343089069,172550.13333333333,5742.739804690896
2025-08-07,28.1,80,10.5,22.13,175244,29.596,3,8,0,0,3,173036.0,178234.0,170891.33333333334,2232.670448886989,171534.7142857143,5309.166749255389,172512.26666666666,5735.417346047861
2025-08-08,28.0,78,10.7,20.35,175101,29.6335,4,8,0,0,3,175244.0,177914.0,172286.66666666666,3394.605917235939,171107.57142857142,4773.620633476492,172513.66666666666,5736.101627854133
2025-08-09,28.0,80,9.5,19.26,163798,29.485,5,8,1,1,3,175101.0,168218.0,174460.33333333334,1235.5793512896184,170705.7142857143,4187.5669433138055,172549.53333333333,5749.226537085319
2025-08-10,26.8,85,11.4,18.12,160166,27.81475,6,8,1,0,3,163798.0,163703.0,171381.0,6567.459859032252,170074.2857142857,4898.148994406236,172172.2,5943.050037795168
2025-08-11,25.3,89,12.0,8.23,166629,25.953400000000002,0,8,0,0,3,160166.0,171058.0,166355.0,7788.91796079532,169569.0,5769.818454680837,171756.43333333332,6332.784285427673
2025-08-12,26.8,84,8.5,20.13,168647,27.8824,1,8,0,0,3,166629.0,168580.0,163531.0,3239.7621826300665,168936.2857142857,5821.92719278354,171908.56666666668,6143.942638940197
2025-08-13,25.9,83,13.8,12.09,165888,26.965899999999998,2,8,0,0,3,168647.0,173036.0,165147.33333333334,4430.388508170952,168945.85714285713,5821.298865044437,172222.83333333334,5697.376020853947
2025-08-14,27.3,79,12.8,18.86,168818,28.7784,3,8,0,0,3,165888.0,175244.0,167054.66666666666,1427.9055757763517,167924.7142857143,5607.245542279062,172046.36666666667,5811.567765707904
2025-08-15,26.1,85,14.5,17.81,166367,27.057000000000002,4,8,0,0,3,168818.0,175101.0,167784.33333333334,1644.4969848963513,167006.7142857143,4654.284109442695,171948.63333333333,5841.3013458181085
2025-08-16,27.3,80,12.9,19.28,160538,28.708000000000002,5,8,1,0,3,166367.0,163798.0,167024.33333333334,1571.7157291740773,165759.0,2999.122093766571,171652.76666666666,5893.242498878457
2025-08-17,27.4,81,12.5,20.9,158442,28.74805,6,8,1,0,3,160538.0,160166.0,165241.0,4253.293664914269,165293.2857142857,3555.8283476683578,171105.73333333334,6141.126185236749
2025-08-18,26.5,88,10.5,16.58,170506,27.292,0,8,0,0,3,158442.0,166629.0,161782.33333333334,4106.419405435009,165047.0,4001.873561219455,170473.26666666666,6438.675564888823
2025-08-19,25.6,90,10.6,13.87,168864,26.210500000000003,1,8,0,0,3,170506.0,168647.0,163162.0,6445.8557228656555,165600.85714285713,4495.193819645193,170506.3,6436.131329697587
2025-08-20,26.3,81,9.0,12.99,166429,27.5331,2,8,0,0,3,168864.0,165888.0,165937.33333333334,6542.863083798501,165631.85714285713,4520.379645875215,170631.1,6363.98129210154
2025-08-21,27.0,83,7.3,16.12,168048,28.16875,3,8,0,0,3,166429.0,168818.0,168599.66666666666,2051.313319152674,165709.14285714287,4530.103178682512,170337.5,6347.31759662497
2025-08-22,27.5,78,11.0,23.17,169880,29.073,4,8,0,0,3,168048.0,166367.0,167780.33333333334,1239.3709425886766,165599.14285714287,4450.684757372699,170085.5,6280.575691547099
2025-08-23,26.8,81,15.1,18.76,160163,28.085350000000002,5,8,1,0,3,169880.0,160538.0,168119.0,1726.5952044413361,166101.0,4740.3353960085215,169906.4,6204.2815283293985
2025-08-24,24.4,89,20.0,10.54,153758,24.998949999999997,6,8,1,0,3,160163.0,158442.0,166030.33333333334,5163.16340370254,166047.42857142858,4815.2096478103285,169371.53333333333,6332.534426079456
2025-08-25,27.2,80,12.2,21.35,167462,28.596999999999998,0,8,0,0,3,153758.0,170506.0,161267.0,8117.501647674602,165378.2857142857,6180.219918261936,168576.16666666666,6745.911272934757
2025-08-26,27.1,84,15.7,22.91,171926,28.208800000000004,1,8,0,0,3,167462.0,168864.0,160461.0,6856.8583914209485,164943.42857142858,5857.977690213152,168601.33333333334,6740.103423607753
2025-08-27,27.5,81,14.1,21.35,172988,28.8585,2,8,0,0,3,171926.0,166429.0,164382.0,9467.515830459428,165380.85714285713,6297.372902741015,168903.73333333334,6676.56484528856
2025-08-28,26.6,83,14.3,19.67,170570,27.731350000000003,3,8,0,0,3,172988.0,168048.0,170792.0,2932.3430904312477,166317.85714285713,6935.003831494342,168727.0,6487.019447354414
2025-08-29,27.4,79,11.9,21.07,170240,28.88995,4,8,0,0,3,170570.0,169880.0,171828.0,1211.9752472719404,166678.14285714287,7103.336690798228,168389.53333333333,6094.464038178655
2025-08-30,26.5,86,13.9,15.88,160102,27.424,5,8,1,0,3,170240.0,160163.0,171266.0,1500.3959477417554,166729.57142857142,7131.628796123459,168040.5,5647.957285604137
2025-08-31,27.3,83,14.6,20.47,157878,28.4968,6,8,1,0,3,160102.0,153758.0,166970.66666666666,5950.727798625406,166720.85714285713,7141.021015431912,167436.1,5487.4043317408505
2025-09-01,26.1,86,10.7,9.01,166245,26.9932,0,9,0,0,4,157878.0,167462.0,162740.0,6589.692253815789,167309.42857142858,5967.978855444217,166768.23333333334,5386.528833555077
2025-09-02,25.9,88,11.6,12.97,164370,26.6524,1,9,0,0,4,166245.0,171926.0,161408.33333333334,4333.76883709008,167135.57142857142,5980.506886462858,166702.46666666667,5380.258567901618
2025-09-03,26.7,84,12.4,18.57,166124,27.7736,2,9,0,0,4,164370.0,172988.0,162831.0,4390.67910464882,166056.14285714287,5644.212269470536,166724.7,5368.802140528692
2025-09-04,26.3,87,11.2,15.09,165756,27.143700000000003,3,9,0,0,4,166124.0,170570.0,165579.66666666666,1049.3475750832508,165075.57142857142,4767.356215524615,166560.23333333334,5306.693656541252
2025-09-05,26.4,85,12.6,19.73,164554,27.38175,4,9,0,0,4,165756.0,170240.0,165416.66666666666,924.9266637594012,164387.85714285713,4149.893429496593,166466.1,5294.66364631347
2025-09-06,27.4,81,15.2,21.2,158619,28.74805,5,9,1,0,4,164554.0,160102.0,165478.0,821.0895200888699,163575.57142857142,3278.492125816079,166183.36666666667,5156.398191490094
2025-09-07,25.5,92,11.2,7.25,154679,25.983999999999998,6,9,1,0,4,158619.0,157878.0,162976.33333333334,3821.1210833122177,163363.7142857143,3574.8841806068067,165629.2,5041.128680406808
2025-09-08,26.5,87,14.0,17.45,167006,27.358,0,9,0,0,4,154679.0,166245.0,159284.0,4970.9732447479355,162906.7142857143,4482.336433686551,164948.46666666667,5096.538113291748
2025-09-09,26.0,89,9.0,15.08,165725,26.69575,1,9,0,0,4,167006.0,164370.0,160101.33333333334,6295.769717304875,163015.42857142858,4584.853682038939,165055.4,5105.214201322503
2025-09-10,25.7,88,9.1,19.52,164509,26.4392,2,9,0,0,4,165725.0,166124.0,162470.0,6777.5364993484,163209.0,4679.207981413589,165240.7,5021.832329079216
2025-09-11,25.3,90,10.8,16.99,163374,25.894000000000002,3,9,0,0,4,164509.0,165756.0,165746.66666666666,1248.6409945749363,162978.2857142857,4549.543849452059,165170.03333333333,5016.5360798299525
2025-09-12,25.6,83,13.5,17.41,159993,26.63785,4,9,0,0,4,163374.0,164554.0,164536.0,1175.732537612081,162638.0,4393.564005071423,164994.26666666666,4982.773821971566
2025-09-13,25.1,86,13.2,11.26,153743,25.916200000000003,5,9,1,0,4,159993.0,158619.0,162625.33333333334,2349.242502027642,161986.42857142858,4400.257184041443,164797.76666666666,5061.921930782683
2025-09-14,26.8,83,10.4,22.68,152578,27.95005,6,9,1,0,4,153743.0,154679.0,159036.66666666666,4886.20203566462,161289.85714285713,5313.373643570166,164295.26666666666,5386.890081858713
2025-09-15,26.4,80,11.8,14.54,163423,27.709,0,9,0,0,4,152578.0,167006.0,155438.0,3987.5211598184287,160989.7142857143,5787.25697011041,163835.63333333333,5778.089807751436
2025-09-16,26.3,84,9.2,17.26,163962,27.3384,1,9,0,0,4,163423.0,165725.0,156581.33333333334,5953.621446929003,160477.85714285713,5304.797527665051,163931.8,5745.228223311533
2025-09-17,25.2,93,8.8,5.11,163582,25.61195,2,9,0,0,4,163962.0,164509.0,159987.66666666666,6422.616315282503,160226.0,5049.884157086972,164115.8,5650.966047409071
2025-09-18,27.0,84,10.5,18.97,165923,28.1,3,9,0,0,4,163582.0,163374.0,163655.66666666666,276.9482502798067,160093.57142857142,4929.568367079677,163885.0,5520.873644008505
2025-09-19,27.0,86,9.1,19.32,168376,27.9625,4,9,0,0,4,165923.0,159993.0,164489.0,1256.330768547724,160457.7142857143,5293.025149958453,163786.96666666667,5455.133662406159
2025-09-20,26.9,83,9.4,20.07,159620,28.0594,5,9,1,0,4,168376.0,153743.0,165960.33333333334,2397.218040423739,161655.2857142857,6062.737822531716,163851.86666666667,5499.05490772416
2025-09-21,27.4,82,10.6,20.77,158011,28.6771,6,9,1,0,4,159620.0,152578.0,164639.66666666666,4516.86753550876,162494.85714285713,5117.6931791758725,163570.93333333332,5492.5717733190695
2025-09-22,27.2,85,11.1,18.8,171398,28.24775,0,9,0,0,4,158011.0,163423.0,162002.33333333334,5578.0767593618675,163271.0,3528.1920771585396,163175.3,5449.7540605694385
2025-09-23,28.0,79,9.0,22.37,172410,29.55925,1,9,0,0,4,171398.0,163962.0,163009.66666666666,7308.920736561117,164410.2857142857,4683.802896303049,163549.8,5619.013586276733
2025-09-24,27.9,80,10.6,21.96,173698,29.374,2,9,0,0,4,172410.0,163582.0,167273.0,8037.071543790052,165617.14285714287,5556.182695236228,164171.53333333333,5529.398930565418
2025-09-25,27.7,81,9.1,20.77,172172,29.0794,3,9,0,0,4,173698.0,165923.0,172502.0,1152.7566959249461,167062.2857142857,6215.121042378053,164379.4,5769.37056030152
2025-09-26,28.4,78,12.1,21.3,173916,30.081899999999997,4,9,0,0,4,172172.0,168376.0,172760.0,821.0018270380394,167955.0,6467.856600140398,164387.6,5780.630228140153
2025-09-27,28.2,80,9.0,20.29,165813,29.707,5,9,1,0,4,173916.0,159620.0,173262.0,950.239969691761,168746.42857142858,6855.299406470786,164418.53333333333,5830.507488016891
2025-09-28,26.2,90,12.0,16.76,158734,26.8435,6,9,1,0,4,165813.0,158011.0,170633.66666666666,4264.915513035762,169631.14285714287,5799.497806663901,164259.96666666667,5721.10250698299
2025-09-29,27.5,80,12.2,18.5,168827,28.93,0,9,0,0,4,158734.0,171398.0,166154.33333333334,7596.753407432227,169734.42857142858,5559.531990406772,163876.43333333332,5691.984616521458
2025-09-30,27.9,81,8.6,16.44,171067,29.3003,1,9,0,0,4,168827.0,172410.0,164458.0,5181.137037369294,169367.14285714287,5516.068057004015,164167.26666666666,5715.333941632147
2025-10-01,26.9,85,11.0,20.5,170729,27.923,2,10,0,0,4,171067.0,173698.0,166209.33333333334,6569.996676812947,169175.2857142857,5415.024029316209,164606.9,5722.126867364273
2025-10-02,26.2,82,10.3,21.8,167400,27.3583,3,10,0,0,4,170729.0,172172.0,170207.66666666666,1207.5766366293751,168751.14285714287,5109.382135787218,164756.36666666667,5824.04607837145
2025-10-03,26.1,88,9.0,17.11,167038,26.8656,4,10,0,0,4,167400.0,173916.0,169732.0,2026.629961290366,168069.42857142858,4890.550373154373,164857.36666666667,5843.3556637132015
2025-10-04,27.5,78,10.4,23.4,158394,29.073,5,10,1,0,4,167038.0,165813.0,168389.0,2034.566538602213,167086.85714285713,4155.883757939537,164887.83333333334,5852.562987528969
2025-10-05,27.1,82,14.1,19.27,157535,28.3474,6,10,1,0,4,158394.0,158734.0,164277.33333333334,5098.330053393284,166027.0,5318.336080641302,164642.43333333332,5968.110182510031
2025-10-06,26.8,85,9.8,20.38,168768,27.81475,0,10,0,0,4,157535.0,168827.0,160989.0,5256.165046875893,165855.7142857143,5604.002073347233,164408.46666666667,6107.6475844711995
2025-10-07,26.6,82,12.4,21.72,167768,27.797900000000002,1,10,0,0,4,168768.0,171067.0,161565.66666666666,6252.173568714583,165847.2857142857,5598.83034553469,164746.76666666666,6056.7762318740015
2025-10-08,27.1,84,11.2,18.71,169812,28.208800000000004,2,10,0,0,4,167768.0,170729.0,164690.33333333334,6216.839738430873,165376.0,5211.69137612599,165183.06666666668,5771.239052604275
2025-10-09,25.8,85,12.0,15.45,167974,26.73225,3,10,0,0,4,169812.0,167400.0,168782.66666666666,1022.0789271544551,165245.0,5064.150504607823,165276.6,5824.295988831886
2025-10-10,27.1,80,11.3,21.87,168156,28.486,4,10,0,0,4,167974.0,167038.0,168518.0,1125.360386720569,165327.0,5109.306378233038,165351.56666666668,5844.704627700488
2025-10-11,27.2,82,12.5,21.89,162835,28.4573,5,10,1,0,4,168156.0,158394.0,168647.33333333334,1012.7276698763619,165486.7142857143,5188.564821291882,165473.13333333333,5864.469777799082
2025-10-12,26.8,84,13.9,19.68,158131,27.8824,6,10,1,0,4,162835.0,157535.0,166321.66666666666,3020.9128311378317,166121.14285714287,4386.242219657739,165455.16666666666,5871.943431345851
2025-10-13,27.1,83,9.1,19.31,170442,28.278100000000002,0,10,0,0,4,158131.0,168768.0,163040.66666666666,5015.663498813805,166206.2857142857,4193.338237181998,165393.1,5941.103040218107
2025-10-14,27.4,84,11.3,21.09,172877,28.5352,1,10,0,0,4,170442.0,167768.0,163802.66666666666,6212.283342969246,166445.42857142858,4406.114760840641,165949.73333333334,5583.460167645591
2025-10-15,27.5,82,13.3,20.87,173314,28.787,2,10,0,0,4,172877.0,169812.0,167150.0,7905.003289056864,167175.2857142857,5039.347831953092,166626.36666666667,5117.665776392418
2025-10-16,27.1,84,9.7,21.22,171547,28.208800000000004,3,10,0,0,4,173314.0,167974.0,172211.0,1547.502180935403,167675.57142857142,5497.722402870865,166956.06666666668,5221.726514143938
2025-10-17,26.6,88,9.5,16.55,169922,27.398600000000002,4,10,0,0,4,171547.0,168156.0,172579.33333333334,920.3403356004611,168186.0,5692.463555729866,167208.9,5255.279443012172
2025-10-18,27.9,79,10.2,20.73,161070,29.447699999999998,5,10,1,0,4,169922.0,162835.0,171594.33333333334,1696.4953089629173,168438.2857142857,5729.923027819893,167420.23333333334,5231.824213298765
2025-10-19,27.3,83,10.6,21.7,156813,28.4968,6,10,1,0,4,161070.0,158131.0,167513.0,5638.64726685398,168186.14285714287,6047.615216719991,167258.46666666667,5353.330434434096
2025-10-20,27.2,84,15.5,20.86,159802,28.3176,0,10,0,1,4,156813.0,170442.0,162601.66666666666,6687.374098503325,167997.85714285713,6421.788676802096,166873.03333333333,5676.595576900483
2025-10-21,27.1,84,10.0,10.89,169660,28.208800000000004,1,10,0,0,4,159802.0,172877.0,159228.33333333334,2185.710944597455,166477.85714285713,6981.662395841492,166879.1,5668.66857414122
2025-10-22,26.6,84,16.9,12.72,168363,27.664800000000003,2,10,0,0,4,169660.0,173314.0,162091.66666666666,6722.594910697295,166018.2857142857,6584.833855515744,167267.4,5434.396198418715
2025-10-23,27.1,78,14.0,17.82,169039,28.6246,3,10,0,0,4,168363.0,171547.0,165941.66666666666,5356.5084087802215,165311.0,5900.9700897383045,167166.23333333334,5382.854778310126
2025-10-24,27.8,76,18.6,22.27,170184,29.555600000000002,4,10,0,0,4,169039.0,169922.0,169020.66666666666,648.6943296601761,164952.7142857143,5523.290013335848,167053.86666666667,5304.227394963329
2025-10-25,26.9,76,14.7,13.91,160326,28.5368,5,10,1,0,4,170184.0,161070.0,169195.33333333334,920.5109088616241,164990.14285714287,5563.319435628696,166936.73333333334,5190.01574599598
2025-10-26,28.2,75,11.8,21.58,159946,30.08375,6,10,1,0,4,160326.0,156813.0,166516.33333333334,5391.467920087561,164883.85714285713,5657.012916976966,166541.86666666667,5228.46264563391
2025-10-27,27.9,78,11.2,18.18,170032,29.5214,0,10,0,0,4,159946.0,159802.0,163485.33333333334,5804.326087784295,165331.42857142858,4997.536521697498,166076.2,5170.840253203037
2025-10-28,28.2,75,13.8,22.25,172863,30.08375,1,10,0,0,4,170032.0,169660.0,163434.66666666666,5716.616598420208,166792.85714285713,4590.254256883773,166216.83333333334,5220.5688227759665
2025-10-29,27.7,81,14.6,15.09,175379,29.0794,2,10,0,0,4,172863.0,168363.0,167613.66666666666,6789.585726193719,167250.42857142858,5059.366391722941,166687.8,5159.190910906492
2025-10-30,28.7,75,11.1,23.28,176170,30.6525,3,10,0,0,4,175379.0,169039.0,172758.0,2675.0459809132653,168252.7142857143,5935.58409690297,166906.2,5386.541654263104
2025-10-31,28.5,80,11.4,20.26,179145,30.04,4,10,0,0,4,176170.0,170184.0,174804.0,1726.8558133209078,169271.42857142858,6660.6764885926295,167076.3,5598.853984646107
2025-11-01,28.2,81,8.5,21.85,171569,29.63165,5,11,1,0,4,179145.0,160326.0,176898.0,1985.7434376072388,170551.57142857142,7652.569652455799,167356.83333333334,5985.6672089910135
2025-11-02,27.5,84,7.0,17.79,166932,28.644000000000002,6,11,1,0,4,171569.0,159946.0,175628.0,3816.9709194595935,172157.7142857143,6188.509775225728,167495.8,6034.896447416752
2025-11-03,26.5,83,11.9,15.98,171631,27.622,0,11,0,0,4,166932.0,170032.0,172548.66666666666,6165.1563105353225,173155.7142857143,4102.763609819835,167492.26666666666,6035.204747167964
2025-11-04,26.9,85,14.8,18.8,173819,27.923,1,11,0,0,4,171631.0,172863.0,170044.0,2695.2493391150524,173384.14285714287,3941.191039456205,167933.5,5827.394418340497
2025-11-05,27.7,81,11.2,19.31,174630,29.0794,2,11,0,0,4,173819.0,175379.0,170794.0,3518.9656150636265,173520.7142857143,3936.6836598920368,168476.3,5578.495033424444
2025-11-06,28.1,77,14.2,23.04,176082,29.820400000000003,3,11,0,0,4,174630.0,176170.0,173360.0,1551.293331385179,173413.7142857143,3887.6302856703383,168671.7,5690.60356262031
2025-11-07,28.0,76,12.7,22.59,176615,29.782,4,11,0,0,4,176082.0,179145.0,174843.66666666666,1146.5305636281437,173401.14285714287,3877.360503764965,168948.83333333334,5845.416371609644
2025-11-08,28.4,74,14.3,24.15,169804,30.3877,5,11,1,0,4,176615.0,171569.0,175775.66666666666,1027.3443109948498,173039.7142857143,3332.3193981663176,169175.6,6009.70549855161
2025-11-09,28.1,78,13.2,18.8,166111,29.745600000000003,6,11,1,0,4,169804.0,166932.0,174167.0,3787.8554618675935,172787.57142857142,3523.4436212813976,169236.6,6006.374944375765
2025-11-10,26.6,86,14.2,16.53,175938,27.5317,0,11,0,0,4,166111.0,171631.0,170843.33333333334,5328.570571300856,172670.2857142857,3756.7833632062375,169168.43333333332,6030.617105058751
2025-11-11,26.6,87,15.9,14.11,176264,27.46515,1,11,0,0,4,175938.0,173819.0,170617.66666666666,4963.770979138099,173285.57142857142,3907.8624530998104,169605.2,6030.593379623311
2025-11-12,25.9,89,14.4,10.75,174159,26.589699999999997,2,11,0,0,4,176264.0,174630.0,172771.0,5770.031975647993,173634.85714285713,4069.4147993893685,170209.63333333333,5742.748954167091
2025-11-13,25.8,88,7.1,12.68,172512,26.5458,3,11,0,0,4,174159.0,176082.0,175453.66666666666,1133.0005884083218,173567.57142857142,4054.08324437801,170333.53333333333,5787.85520237772
2025-11-14,25.8,90,10.9,16.38,171596,26.4215,4,11,0,0,4,172512.0,176615.0,174311.66666666666,1880.6531666773612,173057.57142857142,3906.9324222909045,170321.36666666667,5782.705550313093
2025-11-15,26.7,85,14.9,19.73,162802,27.7065,5,11,1,0,4,171596.0,169804.0,172755.66666666666,1298.7579964464373,172340.57142857142,3593.211092094333,170264.1,5760.511449696246
2025-11-16,25.5,92,10.2,12.84,158686,25.983999999999998,6,11,1,0,4,162802.0,166111.0,168970.0,5361.243512469865,171340.2857142857,5082.865750545323,169972.6,5912.6084132376
2025-11-17,26.1,89,6.3,17.46,168912,26.8018,0,11,0,0,4,158686.0,175938.0,164361.33333333334,6594.745281914503,170279.57142857142,6830.35943068556,169598.06666666668,6261.501780494686
2025-11-18,26.5,87,14.0,20.22,170234,27.358,1,11,0,0,4,168912.0,176264.0,163466.66666666666,5145.299343413723,169275.85714285713,6360.335432152983,169859.46666666667,6053.436184250532
2025-11-19,26.6,84,13.5,20.13,169468,27.664800000000003,2,11,0,0,4,170234.0,174159.0,165944.0,6320.272462481373,168414.42857142858,5621.575753501866,170306.83333333334,5529.246610047818
2025-11-20,25.9,90,12.4,12.43,170420,26.526999999999997,3,11,0,0,4,169468.0,172512.0,169538.0,663.7740579446877,167744.2857142857,5075.742235188475,170629.03333333333,5165.676532008796
2025-11-21,26.6,86,9.0,15.48,169665,27.5317,4,11,0,0,4,170420.0,171596.0,170040.66666666666,504.5882810110573,167445.42857142858,4802.4662711669225,170654.36666666667,5162.6230400869
2025-11-22,26.5,87,12.1,15.83,160905,27.358,5,11,1,0,4,169665.0,162802.0,169851.0,502.5166663906372,167169.57142857142,4574.360933765867,170697.76666666666,5148.148650718842
2025-11-23,27.5,79,14.8,19.52,157689,29.0015,6,11,1,0,4,160905.0,158686.0,166996.66666666666,5289.027163225166,166898.57142857142,4919.413171544351,170426.63333333333,5444.202785016426
2025-11-24,26.9,85,9.8,15.28,170998,27.923,0,11,0,0,4,157689.0,168912.0,162753.0,6198.1829595455065,166756.14285714287,5203.070101024387,170010.13333333333,5920.523157997104
2025-11-25,26.0,87,9.6,13.9,171512,26.82225,1,11,0,0,4,170998.0,170234.0,163197.33333333334,6944.311652952621,167054.14285714287,5403.018212953431,170365.86666666667,5632.180613614989
2025-11-26,26.6,85,12.8,18.59,173137,27.59825,2,11,0,0,4,171512.0,169468.0,166733.0,7836.549049167001,167236.7142857143,5548.022281685379,170751.4,5279.117014727527
2025-11-27,26.5,87,14.6,13.98,173802,27.358,3,11,0,0,4,173137.0,170420.0,171882.33333333334,1116.5528797748632,167760.85714285713,5952.519954565854,170854.9,5294.940332770486
2025-11-28,25.4,90,18.9,11.38,170467,25.999499999999998,4,11,0,0,4,173802.0,169665.0,172817.0,1178.0598456785633,168244.0,6329.630584268958,170886.2,5309.974163195764
2025-11-29,26.8,77,11.4,23.01,160477,28.35595,5,11,1,0,4,170467.0,160905.0,172468.66666666666,1765.0944261805143,168358.57142857142,6366.7880666544615,170722.46666666667,5241.95660189067
2025-11-30,26.8,81,8.4,21.01,159303,28.085350000000002,6,11,1,0,4,160477.0,157689.0,168248.66666666666,6933.949692154786,168297.42857142858,6451.785459779888,170199.36666666667,5458.148356505315
2025-12-01,26.5,88,10.6,19.3,172214,27.292,0,12,0,0,1,159303.0,170998.0,163415.66666666666,6134.781604371372,168528.0,6024.1466892259805,169537.96666666667,5538.371081847207
2025-12-02,24.3,95,12.5,5.5,169040,24.5695,1,12,0,0,1,172214.0,171512.0,163998.0,7139.437022623002,168701.7142857143,6123.949153779266,169559.46666666667,5547.771417944207
2025-12-03,26.4,84,9.5,20.84,167936,27.4472,2,12,0,0,1,169040.0,173137.0,166852.33333333334,6727.77038351736,168348.57142857142,6005.00182783989,169629.73333333334,5526.654552904324
2025-12-04,25.4,91,9.3,17.04,168541,25.939549999999997,3,12,0,0,1,167936.0,173802.0,169730.0,2220.8998176414743,167605.57142857142,5623.419862713643,169506.56666666668,5521.68755241079
2025-12-05,26.4,83,9.1,23.23,166379,27.512649999999997,4,12,0,0,1,168541.0,170467.0,168505.66666666666,552.8474774594405,166854.0,4970.955441359669,169330.63333333333,5463.321684327952
2025-12-06,26.0,84,17.4,20.13,159636,27.012,5,12,1,0,1,166379.0,160477.0,167618.66666666666,1115.3861812543912,166270.0,4708.978162331839,169055.6,5394.59558166004
2025-12-07,26.7,79,15.5,19.16,155824,28.109099999999998,6,12,1,0,1,159636.0,159303.0,164852.0,4644.733899805232,166149.85714285713,4888.710103511516,168507.4,5490.716469800114
2025-12-08,26.1,78,15.5,12.59,166332,27.503600000000002,0,12,0,0,1,155824.0,172214.0,160613.0,5344.895041064878,165652.85714285713,5793.84341143052,167814.36666666667,5738.609873019926
2025-12-09,26.1,78,14.5,21.69,166542,27.503600000000002,1,12,0,0,1,166332.0,169040.0,160597.33333333334,5319.5523621196935,164812.57142857142,5064.283557658424,167698.63333333333,5732.107390549359
2025-12-10,26.0,84,11.2,18.72,166877,27.012,2,12,0,0,1,166542.0,167936.0,162899.33333333334,6128.317985657499,164455.7142857143,4797.74512016683,167713.0,5728.530015452483
2025-12-11,26.0,88,6.0,12.07,166805,26.759,3,12,0,0,1,166877.0,168541.0,166583.66666666666,274.8787611532219,164304.42857142858,4685.085799894248,167410.96666666667,5514.798820749666
2025-12-12,26.0,88,11.1,18.91,166865,26.759,4,12,0,0,1,166805.0,166379.0,166741.33333333334,176.34152469889608,164056.42857142858,4464.190216120353,167095.66666666666,5255.492196730312
2025-12-13,25.2,90,8.5,12.38,156101,25.7885,5,12,1,0,1,166865.0,159636.0,166849.0,38.57460304133529,164125.85714285713,4509.8772868945525,166852.53333333333,5083.356423992041
2025-12-14,25.2,91,11.6,13.93,153126,25.72965,6,12,1,0,1,156101.0,155824.0,163257.0,6197.350401582906,163620.85714285713,5235.906461748718,166305.5,5330.3406292792415
2025-12-15,23.8,98,11.0,5.74,162250,23.9023,0,12,0,0,1,153126.0,166332.0,158697.33333333334,7228.1214940905065,163235.42857142858,5955.38212759742,165689.83333333334,5748.468678151116
2025-12-16,23.9,96,11.6,7.76,162191,24.1068,1,12,0,0,1,162250.0,166542.0,157159.0,4653.102943198216,162652.2857142857,5799.445137662383,165671.43333333332,5758.904910768247
2025-12-17,24.4,93,12.6,11.05,161150,24.781149999999997,2,12,0,0,1,162191.0,166877.0,159189.0,5250.794892204408,162030.7142857143,5540.454756133056,165788.26666666666,5646.7635645588525
2025-12-18,25.3,89,22.3,16.72,161903,25.953400000000002,3,12,0,0,1,161150.0,166805.0,161863.66666666666,618.75708750141,161212.57142857142,5111.8082533527395,165529.53333333333,5676.44784346217
2025-12-19,25.1,91,13.6,10.48,162840,25.6247,4,12,0,0,1,161903.0,166865.0,161748.0,537.5304642528564,160512.2857142857,4519.4419904188635,165251.83333333334,5642.04035656102
2025-12-20,26.3,87,13.9,15.72,156783,27.143700000000003,5,12,1,0,1,162840.0,156101.0,161964.33333333334,846.6677821514282,159937.2857142857,3770.4782063768325,165030.9,5600.869682161618
2025-12-21,27.1,79,15.4,19.93,153509,28.555300000000003,6,12,1,0,1,156783.0,153126.0,160508.66666666666,3260.3583136417974,160034.7142857143,3662.0809072751335,164576.33333333334,5700.9044190731
2025-12-22,27.2,77,17.6,22.32,165229,28.806549999999998,0,12,0,0,1,153509.0,162250.0,157710.66666666666,4734.164586633332,160089.42857142858,3542.566812220764,164037.8,5960.7909067914
2025-12-23,27.0,81,15.2,20.48,166594,28.30625,1,12,0,0,1,165229.0,162191.0,158507.0,6047.208612244147,160515.0,3995.3728653697212,164181.93333333332,5934.647268566456
2025-12-24,27.3,80,15.5,21.21,166370,28.708000000000002,2,12,0,0,1,166594.0,161150.0,161777.33333333334,7193.038880287877,161144.0,4603.509603190208,164478.76666666666,5820.2905762477885
2025-12-25,27.0,84,12.0,18.19,158220,28.1,3,12,0,1,1,166370.0,161903.0,166064.33333333334,732.038478041293,161889.7142857143,5009.527845824515,164324.5,5701.663712129251
2025-12-26,26.3,87,12.2,18.39,165887,27.143700000000003,4,12,0,0,1,158220.0,162840.0,163728.0,4771.382608846169,161363.57142857142,5197.772883878075,163881.43333333332,5639.991517989421
2025-12-27,25.9,90,12.5,16.99,158500,26.526999999999997,5,12,1,0,1,165887.0,156783.0,163492.33333333334,4572.356759192461,161798.85714285713,5462.848873025868,163639.76666666666,5379.015181517182
2025-12-28,25.6,89,10.1,15.51,154432,26.27155,6,12,1,0,1,158500.0,153509.0,160869.0,4347.969986096923,162044.14285714287,5233.844776342983,163129.7,5100.444538773718
2025-12-29,25.6,88,14.5,14.38,163628,26.332600000000003,0,12,0,0,1,154432.0,165229.0,159606.33333333334,5807.085011719138,162176.0,4988.873252882722,162595.2,5145.017029562223
2025-12-30,26.6,78,15.9,19.18,163317,28.064100000000003,1,12,0,0,1,163628.0,166594.0,158853.33333333334,4608.1707144303,161947.2857142857,4860.6320135785245,162700.23333333334,5132.431538306669
2025-12-31,26.4,80,12.2,18.0,161489,27.709,2,12,0,0,1,163317.0,166370.0,160459.0,5221.850917059939,161479.14285714287,4481.527285370557,162834.03333333333,5092.9832899742405
